<?xml version='1.0' encoding='UTF-8' standalone='yes'?>
<WORKSPACE>
 <FRAME activewindow="0">
  <PLACEMENT>2c0000000200000003000000ffffffffffffffffffffffffffffffff0000000008000000de04000002040000</PLACEMENT>
  <WINDOW type="default" module="ISIS"/>
 </FRAME>
 <MODULE name="VSMDEBUG">
  <PWI>
   <POPUP w="800" x="48" flags="00000002" y="160" h="200" pid="0" iid="-1">
    <PROPERTIES>
     <ITEM name="Message Column Width">661</ITEM>
     <ITEM name="ShowGrid">No</ITEM>
     <ITEM name="Source Column Width">100</ITEM>
     <ITEM name="Version">100</ITEM>
    </PROPERTIES>
   </POPUP>
   <POPUP w="350" x="68" flags="00000032" y="180" h="200" pid="1" iid="-1">
    <PROPERTIES>
     <ITEM name="Address Column Width">82</ITEM>
     <ITEM name="AutoResize">No</ITEM>
     <ITEM name="Gridlines">Yes</ITEM>
     <ITEM name="Name Column Width">82</ITEM>
     <ITEM name="ShowAddresses">Yes</ITEM>
     <ITEM name="ShowPreviousValues">No</ITEM>
     <ITEM name="ShowTypes">No</ITEM>
     <ITEM name="ShowWatchPoint">Yes</ITEM>
     <ITEM name="TriggerMode">0</ITEM>
     <ITEM name="Value Column Width">82</ITEM>
     <ITEM name="Version">100</ITEM>
     <ITEM name="Watch Expression Column Width">82</ITEM>
     <ITEM name="nItems">0</ITEM>
    </PROPERTIES>
   </POPUP>
   <POPUP w="450" x="817" flags="00000023" y="151" h="250" pid="0" iid="9">
    <PROPERTIES>
     <ITEM name="AutoEcho">0</ITEM>
     <ITEM name="HexMode">0</ITEM>
    </PROPERTIES>
   </POPUP>
   <POPUP w="450" x="167" flags="00000023" y="134" h="250" pid="0" iid="10">
    <PROPERTIES>
     <ITEM name="AutoEcho">0</ITEM>
     <ITEM name="HexMode">0</ITEM>
    </PROPERTIES>
   </POPUP>
   <POPUP w="52" x="128" flags="00000008" y="240" h="13" pid="3" iid="5">
    <PROPERTIES/>
   </POPUP>
   <POPUP w="8" x="148" flags="0000000a" y="260" h="32" pid="4" iid="5">
    <PROPERTIES>
     <ITEM name="DataType">2</ITEM>
     <ITEM name="DispChars">Yes</ITEM>
     <ITEM name="DispFormat">2</ITEM>
     <ITEM name="ShowChanges">Yes</ITEM>
     <ITEM name="ShowToolTips">Yes</ITEM>
     <ITEM name="TopLineAddress">00000000</ITEM>
    </PROPERTIES>
   </POPUP>
   <POPUP w="8" x="168" flags="0000000a" y="280" h="32" pid="5" iid="5">
    <PROPERTIES>
     <ITEM name="DataType">2</ITEM>
     <ITEM name="DispChars">Yes</ITEM>
     <ITEM name="DispFormat">2</ITEM>
     <ITEM name="ShowChanges">Yes</ITEM>
     <ITEM name="ShowToolTips">Yes</ITEM>
     <ITEM name="TopLineAddress">00000000</ITEM>
    </PROPERTIES>
   </POPUP>
   <POPUP w="16" x="188" flags="0000000a" y="300" h="32" pid="6" iid="5">
    <PROPERTIES>
     <ITEM name="DataType">2</ITEM>
     <ITEM name="DispChars">Yes</ITEM>
     <ITEM name="DispFormat">2</ITEM>
     <ITEM name="ShowChanges">Yes</ITEM>
     <ITEM name="ShowToolTips">Yes</ITEM>
     <ITEM name="TopLineAddress">00000000</ITEM>
    </PROPERTIES>
   </POPUP>
   <POPUP w="14" x="208" flags="00000008" y="320" h="8" pid="7" iid="5">
    <PROPERTIES/>
   </POPUP>
   <POPUP w="8" x="228" flags="80000002" y="340" h="8" pid="8" iid="5">
    <PROPERTIES>
     <ITEM name="DataType">2</ITEM>
     <ITEM name="DispChars">Yes</ITEM>
     <ITEM name="DispFormat">2</ITEM>
     <ITEM name="ShowChanges">Yes</ITEM>
     <ITEM name="ShowToolTips">Yes</ITEM>
     <ITEM name="TopLineAddress">00000000</ITEM>
    </PROPERTIES>
   </POPUP>
   <POPUP w="1155" x="113" flags="0000802b" y="461" h="507" pid="1" iid="5">
    <PROPERTIES>
     <ITEM name="CaseSensitive">No</ITEM>
     <ITEM name="DISPADDRS">Yes</ITEM>
     <ITEM name="DISPLNUMS">No</ITEM>
     <ITEM name="DISPOPCODES">No</ITEM>
     <ITEM name="FIXUPBPTS">Yes</ITEM>
     <ITEM name="WordsOnly">No</ITEM>
     <ITEM name="nBreakpoints">0</ITEM>
    </PROPERTIES>
   </POPUP>
   <POPUP w="300" x="1546" flags="0000000b" y="149" h="300" pid="2" iid="5">
    <PROPERTIES>
     <ITEM name="Address Column Width">93</ITEM>
     <ITEM name="AutoResize">No</ITEM>
     <ITEM name="Gridlines">Yes</ITEM>
     <ITEM name="Name Column Width">93</ITEM>
     <ITEM name="ShowAddresses">Yes</ITEM>
     <ITEM name="ShowGlobals">Yes</ITEM>
     <ITEM name="ShowPreviousValues">No</ITEM>
     <ITEM name="ShowTypes">No</ITEM>
     <ITEM name="ShowWatchPoint">No</ITEM>
     <ITEM name="TriggerMode">0</ITEM>
     <ITEM name="Value Column Width">93</ITEM>
     <ITEM name="Version">100</ITEM>
     <ITEM name="nItems">0</ITEM>
    </PROPERTIES>
   </POPUP>
  </PWI>
 </MODULE>
</WORKSPACE>
