{
    "packages": [
        {
            "name": "sduino",
            "maintainer": "Michael Mayer",
            "websiteURL": "https://tenbaht.github.io/sduino/",
            "email": "michael-mayer@gmx.de",
            "help": {
                "online": "http://www.stm32duino.com/viewforum.php?f=52"
            },
            "platforms" : [
                {
                    "name": "Sduino STM8 plain C core (non-C++)",
                    "architecture": "stm8",
                    "version": "0.5",
                    "category": "Contributed",
                    "boards": [
                        {"name": "STM8S103F3 Breakout Board"},
                        {"name": "STM8S105C6 Discovery Board"},
                        {"name": "STM8S105K4T6 Breakout Board"},
                        {"name": "sduino UNO (STM8S105K6)"},
                        {"name": "sduino MB (STM8S208MBT6B)"}
                    ],
                    "toolsDependencies": [
                        {
                            "name": "STM8Tools",
                            "version": "2019.02.05",
                            "packager": "sduino"
                        },
                        {
                            "name": "sdcc",
                            "version": "build.11242",
                            "packager": "sduino"
                        }
                    ],
                    "url": "https://github.com/tenbaht/sduino/releases/download/v0.5/sduino-core-0.5.tar.bz2",
                    "archiveFileName": "sduino-core-0.5.tar.bz2",
                    "checksum": "SHA-256:16a8083583c704b18921cf5f8ededde925d313b4af6d9d64fa95ae2255e2bbf5",
                    "size": "2263740"
                },
                {
                    "name": "Sduino STM8 plain C core (non-C++)",
                    "architecture": "stm8",
                    "version": "0.5-pre2",
                    "category": "Contributed",
                    "boards": [
                        {"name": "STM8S103F3 Breakout Board"},
                        {"name": "STM8S105C6 Discovery Board"},
                        {"name": "STM8S105K4T6 Breakout Board"},
                        {"name": "sduino UNO (STM8S105K6)"},
                        {"name": "sduino MB (STM8S208MBT6B)"}
                    ],
                    "toolsDependencies": [
                        {
                            "name": "STM8Tools",
                            "version": "2019.02.05",
                            "packager": "sduino"
                        },
                        {
                            "name": "sdcc",
                            "version": "build.10738",
                            "packager": "sduino"
                        }
                    ],
                    "url": "https://github.com/tenbaht/sduino/releases/download/v0.5-pre2/sduino-core-0.5-pre2.tar.bz2",
                    "archiveFileName": "sduino-core-0.5-pre2.tar.bz2",
                    "checksum": "SHA-256:13f039942368fdc2fea5470c2d3d58d9fb377cc7ca9502b1177f11ae8c75a7d8",
                    "size": "2263319"
                },
                {
                    "name": "Sduino STM8 plain C core (non-C++)",
                    "architecture": "stm8",
                    "version": "0.4.0",
                    "category": "Contributed",
                    "boards": [
                        {"name": "STM8S103F3 Breakout Board"},
                        {"name": "STM8S105C6 Discovery Board"},
                        {"name": "STM8S105K4T6 Breakout Board"},
                        {"name": "sduino UNO (STM8S105K6)"},
                        {"name": "sduino MB (STM8S208MBT6B)"}
                    ],
                    "toolsDependencies": [
                        {
                            "name": "STM8Tools",
                            "version": "2018.12.07",
                            "packager": "sduino"
                        },
                        {
                            "name": "sdcc",
                            "version": "build.10738",
                            "packager": "sduino"
                        }
                    ],
                    "url": "https://github.com/tenbaht/sduino/releases/download/v0.4.0/sduino-core-0.4.0.tar.bz2",
                    "archiveFileName": "sduino-core-0.4.0.tar.bz2",
                    "checksum": "SHA-256:a71dee029991653577c63c9cebe70095b2c08d5b55a9aa0af836f527daf44d8c",
                    "size": "6110413"
                },
                {
                    "name": "Sduino STM8 plain C core (non-C++)",
                    "architecture": "stm8",
                    "version": "0.3.3",
                    "category": "Contributed",
                    "boards": [
                        {"name": "STM8S103F3 Breakout Board"},
                        {"name": "STM8S105C6 Discovery Board"}
                    ],
                    "toolsDependencies": [
                        {
                            "name": "STM8Tools",
                            "version": "2017.11.13",
                            "packager": "sduino"
                        },
                        {
                            "name": "sdcc",
                            "version": "build.10088",
                            "packager": "sduino"
                        }
                    ],
                    "url": "https://github.com/tenbaht/sduino/releases/download/v0.3.3/sduino-core-0.3.3.tar.bz2",
                    "archiveFileName": "sduino-core-0.3.3.tar.bz2",
                    "checksum": "SHA-256:58f2f08a3172cff3575ec0aa412b248a7c9b5f4c1c5a6aa91dc55d7133c4d5a6",
                    "size": "5643135"
                },
                {
                    "name": "Sduino STM8 plain C core (non-C++)",
                    "architecture": "stm8",
                    "version": "0.3.2",
                    "category": "Contributed",
                    "boards": [
                        {"name": "STM8S103F3 Breakout Board"},
                        {"name": "STM8S105C6 Discovery Board"}
                    ],
                    "toolsDependencies": [
                        {
                            "name": "STM8Tools",
                            "version": "2017.11.06",
                            "packager": "sduino"
                        },
                        {
                            "name": "sdcc",
                            "version": "build.10088",
                            "packager": "sduino"
                        }
                    ],
                    "url": "https://github.com/tenbaht/sduino/releases/download/v0.3.2/sduino-core-0.3.2.tar.bz2",
                    "archiveFileName": "sduino-core-0.3.2.tar.bz2",
                    "checksum": "SHA-256:dc10f5b21030db9ccc1cc8b935a7f2cf48bc1226629b3e7c87e7047c79b5c9ae",
                    "size": "5627842"
                },
                {
                    "name": "Sduino STM8 plain C core (non-C++)",
                    "architecture": "stm8",
                    "version": "0.3.1",
                    "category": "Contributed",
                    "boards": [
                        {"name": "STM8S103F3 Breakout Board"},
                        {"name": "STM8S105C6 Discovery Board"}
                    ],
                    "toolsDependencies": [
                        {
                            "name": "STM8Tools",
                            "version": "2017.11.06",
                            "packager": "sduino"
                        },
                        {
                            "name": "sdcc",
                            "version": "build.10088",
                            "packager": "sduino"
                        }
                    ],
                    "url": "https://github.com/tenbaht/sduino/releases/download/v0.3.1/sduino-core-0.3.1.tar.bz2",
                    "archiveFileName": "sduino-core-0.3.1.tar.bz2",
                    "checksum": "SHA-256:9d5c5d0c96c8e18efc16820f17d88ec59c48ba59a84ce46dc9ccd8fc45c59016",
                    "size": "4347217"
                },
                {
                    "name": "Sduino STM8 plain C core (non-C++)",
                    "architecture": "stm8",
                    "version": "0.3.0",
                    "category": "Contributed",
                    "boards": [
                        {"name": "STM8S103F3 Breakout Board"},
                        {"name": "STM8S105C6 Discovery Board"}
                    ],
                    "toolsDependencies": [
                        {
                            "name": "STM8Tools",
                            "version": "2017.10.21",
                            "packager": "sduino"
                        },
                        {
                            "name": "sdcc",
                            "version": "build.10088",
                            "packager": "sduino"
                        }
                    ],
                    "url": "https://github.com/tenbaht/sduino/releases/download/v0.3.0/sduino-core-0.3.0.tar.bz2",
                    "archiveFileName": "sduino-core-0.3.0.tar.bz2",
                    "checksum": "SHA-256:5e3b2b950954e1004ef78084063374c59b37f682ba43f1789bc40d66d88e9994",
                    "size": "4261038"
                }
            ],
            "tools" : [
                {
                    "name": "STM8Tools",
                    "version": "2019.02.05",
                    "systems": [
                        {
                            "host": "i686-pc-linux-gnu",
                            "url": "https://github.com/tenbaht/sduino/releases/download/v0.5/sduino-tools_linux32-2019.02.05.tar.bz2",
                            "archiveFileName": "sduino-tools_linux32-2019.02.05.tar.bz2",
                            "checksum": "SHA-256:86c816ce31fc37d8437ac9a1eb88f0c58444b9abbb9bc16934f0977dec474cc3",
                            "size": "49540"
                        },{
                            "host": "x86_64-pc-linux-gnu",
                            "url": "https://github.com/tenbaht/sduino/releases/download/v0.5/sduino-tools_linux64-2019.02.05.tar.bz2",
                            "archiveFileName": "sduino-tools_linux64-2019.02.05.tar.bz2",
                            "checksum": "SHA-256:e417e67551c6d34b6f9a8b8635eb1eb69342fd021b2962e52e495b2dd333d6c7",
                            "size": "49362"
                        },{
                            "host": "x86_64-apple-darwin",
                            "url": "https://github.com/tenbaht/sduino/releases/download/v0.5/sduino-tools_macosx-2019.02.05.tar.bz2",
                            "archiveFileName": "sduino-tools_macosx-2019.02.05.tar.bz2",
                            "checksum": "SHA-256:5711e486ff060f1a3941a49884bec061110ec33f4865afb1359bfd9e15280766",
                            "size": "52357"
                        },{
                            "host": "i686-mingw32",
                            "url": "https://github.com/tenbaht/sduino/releases/download/v0.5/sduino-tools_mingw32-2019.02.05.tar.bz2",
                            "archiveFileName": "sduino-tools_mingw32-2019.02.05.tar.bz2",
                            "checksum": "SHA-256:35d76fb968ac7998ec798502be597d7b234ceddb5c2bcb439d8f24711bd34064",
                            "size": "418464"
                        }
                    ]
                },
                {
                    "name": "STM8Tools",
                    "version": "2019.01.15",
                    "systems": [
                        {
                            "host": "i686-pc-linux-gnu",
                            "url": "https://github.com/tenbaht/sduino/releases/download/v0.5.0-pre1/sduino-tools_linux32-2019.01.15.tar.bz2",
                            "archiveFileName": "sduino-tools_linux32-2019.01.15.tar.bz2",
                            "checksum": "SHA-256:25a652b1319ff711c2c47af065aa2786a38b71151e0b3e839a81d1084509afaf",
                            "size": "45038"
                        },{
                            "host": "x86_64-pc-linux-gnu",
                            "url": "https://github.com/tenbaht/sduino/releases/download/v0.5.0-pre1/sduino-tools_linux64-2019.01.15.tar.bz2",
                            "archiveFileName": "sduino-tools_linux64-2019.01.15.tar.bz2",
                            "checksum": "SHA-256:12917e22acccc882a2b777e7883163c1938da3e21f68433dd1f9157f865950cf",
                            "size": "45664"
                        },{
                            "host": "x86_64-apple-darwin",
                            "url": "https://github.com/tenbaht/sduino/releases/download/v0.5.0-pre1/sduino-tools_macosx-2019.01.15.tar.bz2",
                            "archiveFileName": "sduino-tools_macosx-2019.01.15.tar.bz2",
                            "checksum": "SHA-256:786267e3ee2aea3b4b50a00bfdc49244727e95f1f05a44b135139744ffe24a5e",
                            "size": "48036"
                        },{
                            "host": "i686-mingw32",
                            "url": "https://github.com/tenbaht/sduino/releases/download/v0.5.0-pre1/sduino-tools_mingw32-2019.01.15.tar.bz2",
                            "archiveFileName": "sduino-tools_mingw32-2019.01.15.tar.bz2",
                            "checksum": "SHA-256:36979e642e75ecf6ea26e4a15e263ddb4ee9b1b4eaec4756514c6062bdface6a",
                            "size": "414118"
                        }
                    ]
                },
                {
                    "name": "STM8Tools",
                    "version": "2018.12.07",
                    "systems": [
                        {
                            "host": "i686-pc-linux-gnu",
                            "url": "https://github.com/tenbaht/sduino/releases/download/v0.4.0/sduino-tools_linux32-2018.12.07.tar.bz2",
                            "archiveFileName": "sduino-tools_linux32-2018.12.07.tar.bz2",
                            "checksum": "SHA-256:3e7b2eded467e29f99024b639dbe7fff444ee5b43e98bae2ba7c9c32d7c15bb8",
                            "size": "42628"
                        },{
                            "host": "x86_64-pc-linux-gnu",
                            "url": "https://github.com/tenbaht/sduino/releases/download/v0.4.0/sduino-tools_linux64-2018.12.07.tar.bz2",
                            "archiveFileName": "sduino-tools_linux64-2018.12.07.tar.bz2",
                            "checksum": "SHA-256:342243c369e7aaa363dcef3048d973a4e90072ffe68a9eeda1f6e679d9cc8b28",
                            "size": "43223"
                        },{
                            "host": "x86_64-apple-darwin",
                            "url": "https://github.com/tenbaht/sduino/releases/download/v0.4.0/sduino-tools_macosx-2018.12.07.tar.bz2",
                            "archiveFileName": "sduino-tools_macosx-2018.12.07.tar.bz2",
                            "checksum": "SHA-256:2a3680070638e9af8dd5a5af9f52d1643bf29e765b9caa3c996349ccc24f1945",
                            "size": "45664"
                        },{
                            "host": "i686-mingw32",
                            "url": "https://github.com/tenbaht/sduino/releases/download/v0.4.0/sduino-tools_mingw32-2018.12.07.tar.bz2",
                            "archiveFileName": "sduino-tools_mingw32-2018.12.07.tar.bz2",
                            "checksum": "SHA-256:9d68ff3deb35d840aec8a8f3a92465869990c900e36880cc1298e6fd9d8a7097",
                            "size": "5485803"
                        }
                    ]
                },
                {
                    "name": "STM8Tools",
                    "version": "2017.11.13",
                    "systems": [
                        {
                            "host": "i686-pc-linux-gnu",
                            "url": "https://github.com/tenbaht/sduino/releases/download/v0.3.3/sduino-tools_linux32-2017.11.13.tar.bz2",
                            "archiveFileName": "sduino-tools_linux32-2017.11.13.tar.bz2",
                            "checksum": "SHA-256:957bb6b2c0776d6c781b58f1aeb6278d19ac62800534a6b8a979ae3949faafd4",
                            "size": "45305"
                        },{
                            "host": "x86_64-pc-linux-gnu",
                            "url": "https://github.com/tenbaht/sduino/releases/download/v0.3.3/sduino-tools_linux64-2017.11.13.tar.bz2",
                            "archiveFileName": "sduino-tools_linux64-2017.11.13.tar.bz2",
                            "checksum": "SHA-256:b040deb0cfe6d4a863b8ea42070759bf82483c5df3246d0ef0270114b1acbada",
                            "size": "49939"
                        },{
                            "host": "x86_64-apple-darwin",
                            "url": "https://github.com/tenbaht/sduino/releases/download/v0.3.3/sduino-tools_macosx-2017.11.13.tar.bz2",
                            "archiveFileName": "sduino-tools_macosx-2017.11.13.tar.bz2",
                            "checksum": "SHA-256:fce23560c90cb69abb19c315d161b60174be8c74044f53df5674ceb0b8a6d233",
                            "size": "21390"
                        },{
                            "host": "i686-mingw32",
                            "url": "https://github.com/tenbaht/sduino/releases/download/v0.3.3/sduino-tools_mingw32-2017.11.13.tar.bz2",
                            "archiveFileName": "sduino-tools_mingw32-2017.11.13.tar.bz2",
                            "checksum": "SHA-256:a5735d8da309b7121f21c9d60652f3df240a348a7b564520bd2ca6d49bc4ceca",
                            "size": "5540614"
                        }
                    ]
                },
                {
                    "name": "STM8Tools",
                    "version": "2017.11.06",
                    "systems": [
                        {
                            "host": "i686-pc-linux-gnu",
                            "url": "https://github.com/tenbaht/sduino/releases/download/v0.3.1/sduino-tools_linux32-2017.11.06.tar.bz2",
                            "archiveFileName": "sduino-tools_linux32-2017.11.06.tar.bz2",
                            "checksum": "SHA-256:c0af0be23db870d66f5342e29deb803df006d361345526095cc03ec9998f5c88",
                            "size": "45294"
                        },{
                            "host": "x86_64-pc-linux-gnu",
                            "url": "https://github.com/tenbaht/sduino/releases/download/v0.3.1/sduino-tools_linux64-2017.11.06.tar.bz2",
                            "archiveFileName": "sduino-tools_linux64-2017.11.06.tar.bz2",
                            "checksum": "SHA-256:c5235baa3f9cc37029fbd81858a9af08e37f76550d5c82e3faf920a4f094c561",
                            "size": "49872"
                        },{
                            "host": "i686-mingw32",
                            "url": "https://github.com/tenbaht/sduino/releases/download/v0.3.1/sduino-tools_mingw32-2017.11.06.tar.bz2",
                            "archiveFileName": "sduino-tools_mingw32-2017.11.06.tar.bz2",
                            "checksum": "SHA-256:2209dcc01827e9e0de2c6ece40de1fc40d0d86d4537413fdd30329fb8decbd25",
                            "size": "5541339"
                        }
                    ]
                },
                {
                    "name": "STM8Tools",
                    "version": "2017.10.21",
                    "systems": [
                        {
                            "host": "i686-pc-linux-gnu",
                            "url": "https://github.com/tenbaht/sduino/releases/download/v0.3.0/sduino-tools_linux32-2017.10.21.tar.bz2",
                            "archiveFileName": "sduino-tools_linux32-2017.10.21.tar.bz2",
                            "checksum": "SHA-256:5f10d3de3e044e03160e63252ed818754c177afe5e9b5ce73a656f779193cffe",
                            "size": "44516"
                        },{
                            "host": "x86_64-pc-linux-gnu",
                            "url": "https://github.com/tenbaht/sduino/releases/download/v0.3.0/sduino-tools_linux64-2017.10.21.tar.bz2",
                            "archiveFileName": "sduino-tools_linux64-2017.10.21.tar.bz2",
                            "checksum": "SHA-256:0943f76ad2a7eef325e1ab858212c2413123521768ea9a06f946a2b238e0a100",
                            "size": "49065"
                        },{
                            "host": "i686-mingw32",
                            "url": "https://github.com/tenbaht/sduino/releases/download/v0.3.0/sduino-tools_mingw32-2017.10.21.tar.bz2",
                            "archiveFileName": "sduino-tools_mingw32-2017.10.21.tar.bz2",
                            "checksum": "SHA-256:dfdc7364a0d6749d3d1693ce5b5311ace4d80425225c98a90c5c527e375d1ecd",
                            "size": "5541472"
                        }
                    ]
                },
                {
                    "name": "sdcc",
                    "version": "build.11242",
                    "systems": [
                        {
                            "host": "x86_64-pc-linux-gnu",
                            "url": "https://github.com/tenbaht/sduino/releases/download/v0.5/sdcc-stm8-amd64-unknown-linux2.5-20190502-11242.tar.bz2",
                            "archiveFileName": "sdcc-stm8-amd64-unknown-linux2.5-20190502-11242.tar.bz2",
                            "checksum": "SHA-256:f69122faf38e72cccb7acc9b4d215e6e74901c053e04295c7ec8f4c29c5bad65",
                            "size": "2604557"
                        },{
                            "host": "x86_64-pc-linux-gnu",
                            "url": "https://github.com/tenbaht/sduino/releases/download/v0.5/sdcc-stm8-armv6l-unknown-linux-gnueabihf-20190502-11242.tar.bz2",
                            "archiveFileName": "sdcc-stm8-armv6l-unknown-linux-gnueabihf-20190502-11242.tar.bz2",
                            "checksum": "SHA-256:e079f964d7b74a8744681dfb53047aecdd0b563dee02c3724dd83a9d4b1e577c",
                            "size": "2388318"
                        },{
                            "host": "i686-pc-linux-gnu",
                            "url": "https://github.com/tenbaht/sduino/releases/download/v0.5/sdcc-stm8-i386-unknown-linux2.5-20190502-11242.tar.bz2",
                            "archiveFileName": "sdcc-stm8-i386-unknown-linux2.5-20190502-11242.tar.bz2",
                            "checksum": "SHA-256:86d3c21aa49199a0ffcf201148c261d5a391d9365b472ab434c3d3acf864de29",
                            "size": "2649974"
                        },{
                            "host": "i686-mingw32",
                            "url": "https://github.com/tenbaht/sduino/releases/download/v0.5/sdcc-stm8-i586-mingw32msvc-20190502-11242.tar.bz2",
                            "archiveFileName": "sdcc-stm8-i586-mingw32msvc-20190502-11242.tar.bz2",
                            "checksum": "SHA-256:1acdd54d62207bced3abb51fc401b0af85ef4711525033764b089fa0db7cb868",
                            "size": "3034472"
                        },{
                            "host": "x86_64-apple-darwin",
                            "url": "https://github.com/tenbaht/sduino/releases/download/v0.5/sdcc-stm8-x86_64-apple-macosx-20190502-11242.tar.bz2",
                            "archiveFileName": "sdcc-stm8-x86_64-apple-macosx-20190502-11242.tar.bz2",
                            "checksum": "SHA-256:b34b236bef7a2c87db601995e95e928cca1af56c8fd7018cf5612a8314afb559",
                            "size": "2803984"
                        }
                    ]
                },
                {
                    "name": "sdcc",
                    "version": "build.10738",
                    "systems": [
                        {
                            "host": "x86_64-pc-linux-gnu",
                            "url": "https://github.com/tenbaht/sduino/releases/download/v0.4.0/sdcc-stm8-amd64-unknown-linux2.5-20181206-10738.tar.bz2",
                            "archiveFileName": "sdcc-stm8-amd64-unknown-linux2.5-20181206-10738.tar.bz2",
                            "checksum": "SHA-256:d5f3d1d1699c6edeb1db6b9a38f0b0c4c28d1ef1cd267dedb9b3f5a65e07a60e",
                            "size": "2637159"
                        },{
                            "host": "i686-pc-linux-gnu",
                            "url": "https://github.com/tenbaht/sduino/releases/download/v0.4.0/sdcc-stm8-i386-unknown-linux2.5-20181205-10738.tar.bz2",
                            "archiveFileName": "sdcc-stm8-i386-unknown-linux2.5-20181205-10738.tar.bz2",
                            "checksum": "SHA-256:d25344d392707773712f71d6c3dd63b4b80ce92e7999664e78a7b186ae4485d6",
                            "size": "2701297"
                        },{
                            "host": "i686-mingw32",
                            "url": "https://github.com/tenbaht/sduino/releases/download/v0.4.0/sdcc-stm8-i586-mingw32msvc-20181205-10738.tar.bz2",
                            "archiveFileName": "sdcc-stm8-i586-mingw32msvc-20181205-10738.tar.bz2",
                            "checksum": "SHA-256:eecfb34f085f0adc1b9544a5e32168907a88145a469f4733551b79b5ba91ad75",
                            "size": "3063721"
                        },{
                            "host": "x86_64-apple-darwin",
                            "url": "https://github.com/tenbaht/sduino/releases/download/v0.4.0/sdcc-stm8-x86_64-apple-macosx-20181205-10738.tar.bz2",
                            "archiveFileName": "sdcc-stm8-x86_64-apple-macosx-20181205-10738.tar.bz2",
                            "checksum": "SHA-256:c0ece00b5f20411307b7a5e5bd527c127421e7df5b10946c45ad3305c46732c2",
                            "size": "2877491"
                        }
                    ]
                },
                {
                    "name": "sdcc",
                    "version": "build.10088",
                    "systems": [
                        {
                            "host": "x86_64-pc-linux-gnu",
                            "url": "https://github.com/tenbaht/sduino/releases/download/v0.3.0/sdcc-stm8-amd64-unknown-linux2.5-20171020-10088.tar.bz2",
                            "archiveFileName": "sdcc-stm8-amd64-unknown-linux2.5-20171020-10088.tar.bz2",
                            "checksum": "SHA-256:dce37df6f57f6264e6b705cf7ce394d9b4407dba53c4071e77bfa34f746599a6",
                            "size": "2486676"
                        },{
                            "host": "i686-pc-linux-gnu",
                            "url": "https://github.com/tenbaht/sduino/releases/download/v0.3.0/sdcc-stm8-i386-unknown-linux2.5-20171020-10088.tar.bz2",
                            "archiveFileName": "sdcc-stm8-i386-unknown-linux2.5-20171020-10088.tar.bz2",
                            "checksum": "SHA-256:5237465f22f62beb69c62a14adf1e1140fe12fc29060329c61516c11fe4bacf2",
                            "size": "2606938"
                        },{
                            "host": "i686-mingw32",
                            "url": "https://github.com/tenbaht/sduino/releases/download/v0.3.0/sdcc-stm8-i586-mingw32msvc-20171020-10088.tar.bz2",
                            "archiveFileName": "sdcc-stm8-i586-mingw32msvc-20171020-10088.tar.bz2",
                            "checksum": "SHA-256:2c9db6ff4d2f7b7b608f956adbc06e24ac8ec4dd4f41f26c79c48f9ddecb22a5",
                            "size": "2973875"
                        },{
                            "host": "x86_64-apple-darwin",
                            "url": "https://github.com/tenbaht/sduino/releases/download/v0.3.3/sdcc-stm8-universal-apple-macosx-20170720-9960.tar.bz2",
                            "archiveFileName": "sdcc-stm8-universal-apple-macosx-20170720-9960.tar.bz2",
                            "checksum": "SHA-256:135539c7685ed22f433a6085e4f4db5777655865fd05885a2bf773fec4eea405",
                            "size": "4812042"
                        }
                    ]
                }
            ]
        }
    ]
}
