Time,Reading ID#,Humidity%,Temperature,MQ139,TVOC,eCO2,Detector,Status
0:00:00,1,60.8,23.9,114,0,400,OFF,0
0:00:01,2,60.8,23.9,114,0,400,OFF,0
0:00:02,3,60.7,23.9,114,0,400,OFF,0
0:00:03,4,60.7,23.9,113,0,400,OFF,0
0:00:04,5,60.7,23.9,114,0,400,OFF,0
0:00:05,6,60.7,23.9,114,0,400,OFF,0
0:00:06,7,60.7,23.9,114,0,400,OFF,0
0:00:07,8,60.7,23.9,114,0,400,OFF,0
0:00:08,9,60.7,23.9,114,0,400,OFF,0
0:00:09,10,60.7,23.9,114,0,400,OFF,0
0:00:10,11,60.6,23.9,114,0,400,OFF,0
0:00:11,12,60.6,23.9,114,0,400,OFF,0
0:00:12,13,60.6,23.9,114,0,400,OFF,0
0:00:13,14,60.6,23.9,114,0,400,OFF,0
0:00:14,15,60.6,23.9,114,0,400,OFF,0
0:00:15,16,60.6,23.9,114,2,400,OFF,0
0:00:16,17,60.6,23.9,114,4,403,OFF,0
0:00:17,18,60.6,23.9,114,4,404,OFF,0
0:00:18,19,60.6,23.9,114,7,407,ON,0
0:00:19,20,60.6,23.9,114,10,402,OFF,0
0:00:20,21,60.6,23.9,114,8,403,OFF,0
0:00:21,22,60.6,23.9,114,9,407,OFF,0
0:00:22,23,60.6,23.9,113,10,412,OFF,0
0:00:23,24,60.6,23.9,114,11,411,OFF,0
0:00:24,25,60.6,23.9,114,11,409,OFF,0
0:00:25,26,60.6,23.9,114,5,416,OFF,0
0:00:26,27,60.6,23.9,114,9,415,OFF,0
0:00:27,28,60.6,23.9,114,14,419,OFF,0
0:00:28,29,60.6,23.9,114,12,424,OFF,0
0:00:29,30,60.6,23.9,114,14,415,OFF,0
0:00:30,31,60.6,23.9,114,15,420,OFF,0
0:00:31,32,60.6,23.9,114,17,427,OFF,0
0:00:32,33,60.6,23.9,114,16,414,OFF,0
0:00:33,34,60.6,23.9,114,17,411,OFF,0
0:00:34,35,60.6,23.9,114,12,409,OFF,0
0:00:35,36,60.6,23.9,114,14,402,OFF,0
0:00:36,37,60.6,23.9,113,12,407,OFF,0
0:00:37,38,60.6,23.9,114,11,406,OFF,0
0:00:38,39,60.6,23.9,114,10,400,OFF,0
0:00:39,40,60.6,23.9,114,11,400,OFF,0
0:00:40,41,60.6,23.9,114,11,402,OFF,0
0:00:42,42,60.6,23.9,114,11,409,OFF,0
0:00:43,43,60.6,23.9,114,14,411,OFF,0
0:00:43,44,60.6,23.9,114,11,400,OFF,0
0:00:45,45,60.6,23.9,114,9,405,OFF,0
0:00:46,46,60.6,23.9,114,11,413,OFF,0
0:00:47,47,60.6,23.9,114,12,414,OFF,0
0:00:48,48,60.6,23.9,114,15,417,OFF,0
0:00:49,49,60.6,23.9,114,14,415,OFF,0
0:00:50,50,60.6,23.9,114,10,407,OFF,0
0:00:51,51,60.6,23.9,114,12,418,OFF,0
0:00:52,52,60.6,23.9,114,17,418,OFF,0
0:00:53,53,60.6,23.9,114,12,414,OFF,0
0:00:54,54,60.6,23.9,114,15,417,OFF,0
0:00:55,55,60.6,23.9,114,17,412,OFF,0
0:00:56,56,60.6,23.9,114,13,412,OFF,0
0:00:57,57,60.6,23.9,114,16,411,OFF,0
0:00:58,58,60.7,23.9,114,10,412,OFF,0
0:00:59,59,60.7,23.9,114,17,412,OFF,0
0:01:00,60,60.7,23.9,114,14,412,OFF,0
0:01:01,61,60.7,23.9,114,10,407,OFF,0
0:01:02,62,60.7,23.9,114,14,412,OFF,0
0:01:03,63,60.7,23.9,114,13,412,OFF,0
0:01:04,64,60.7,23.9,114,18,405,OFF,0
0:01:05,65,60.7,23.9,114,11,410,OFF,0
0:01:06,66,60.7,23.9,114,11,404,OFF,0
0:01:07,67,60.7,23.9,114,9,401,OFF,0
0:01:08,68,60.7,23.9,114,10,400,OFF,0
0:01:09,69,60.7,23.9,114,7,400,OFF,0
0:01:10,70,60.7,23.9,114,6,402,OFF,0
0:01:11,71,60.6,23.9,114,5,405,OFF,0
0:01:12,72,60.6,23.9,114,6,403,OFF,0
0:01:13,73,60.6,23.9,114,5,400,OFF,0
0:01:14,74,60.6,23.9,114,0,400,OFF,0
0:01:15,75,60.6,23.9,114,2,403,OFF,0
0:01:16,76,60.6,23.9,114,0,400,OFF,0
0:01:17,77,60.5,23.9,114,2,412,OFF,0
0:01:18,78,60.5,23.9,114,1,414,OFF,0
0:01:19,79,60.5,23.9,114,0,409,OFF,0
0:01:20,80,60.5,23.9,114,0,403,OFF,0
0:01:21,81,60.5,23.9,114,2,412,OFF,0
0:01:22,82,60.5,23.9,114,3,404,OFF,0
0:01:23,83,60.5,23.9,114,6,414,OFF,0
0:01:24,84,60.5,23.9,114,5,413,OFF,0
0:01:25,85,60.4,23.9,114,8,408,OFF,0
0:01:26,86,60.4,23.9,114,5,414,OFF,0
0:01:27,87,60.4,23.9,114,6,411,OFF,0
0:01:28,88,60.5,23.9,114,3,404,OFF,0
0:01:29,89,60.5,23.9,114,4,406,OFF,0
0:01:30,90,60.5,23.9,114,8,403,OFF,0
0:01:31,91,60.5,23.9,114,6,403,OFF,0
0:01:32,92,60.5,23.9,114,5,405,OFF,0
0:01:33,93,60.5,23.9,114,2,407,OFF,0
0:01:34,94,60.4,23.9,114,1,400,OFF,0
0:01:35,95,60.4,23.9,114,7,404,OFF,0
0:01:36,96,60.4,23.9,114,7,408,OFF,0
0:01:37,97,60.4,23.9,114,6,412,OFF,0
0:01:38,98,60.4,23.9,114,5,402,OFF,0
0:01:39,99,60.4,23.9,113,3,401,OFF,0
0:01:40,100,60.4,23.9,114,5,406,OFF,0
0:01:41,101,60.4,23.9,114,4,409,OFF,0
0:01:42,102,60.4,23.9,114,0,401,OFF,0
0:01:43,103,60.4,23.9,113,5,409,OFF,0
0:01:44,104,60.4,23.9,114,12,416,OFF,0
0:01:45,105,60.4,23.9,114,8,408,OFF,0
0:01:46,106,60.4,23.9,114,11,415,OFF,0
0:01:47,107,60.4,23.9,114,5,404,OFF,0
0:01:48,108,60.4,23.9,114,13,411,OFF,0
0:01:49,109,60.4,23.9,114,12,408,OFF,0
0:01:50,110,60.4,23.9,114,10,404,OFF,0
0:01:51,111,60.4,23.9,114,17,410,OFF,0
0:01:52,112,60.4,23.9,114,13,405,OFF,0
0:01:53,113,60.4,23.9,114,8,404,OFF,0
0:01:54,114,60.4,23.9,114,8,404,OFF,0
0:01:55,115,60.4,23.9,114,12,414,OFF,0
0:01:56,116,60.4,23.9,114,12,419,OFF,0
0:01:57,117,60.4,23.9,114,11,415,OFF,0
0:01:58,118,60.4,23.9,113,9,411,OFF,0
0:01:59,119,60.4,23.9,114,10,408,OFF,0
0:02:00,120,60.4,23.9,114,12,436,OFF,0
0:02:01,121,60.4,23.9,116,16,476,OFF,0
0:02:02,122,60.4,23.9,118,23,513,OFF,0
0:02:03,123,60.4,23.9,120,25,529,OFF,0
0:02:04,124,60.4,23.9,122,39,584,OFF,1
0:02:05,125,60.4,23.9,123,51,632,OFF,1
0:02:06,126,60.4,23.9,124,49,697,OFF,1
0:02:07,127,60.4,23.9,126,56,697,OFF,1
0:02:08,128,60.4,23.9,126,64,702,OFF,1
0:02:09,129,60.4,23.9,127,67,681,OFF,1
0:02:10,130,60.4,23.9,126,71,641,OFF,1
0:02:11,131,60.5,23.9,127,69,627,OFF,1
0:02:12,132,60.5,23.9,127,78,608,OFF,1
0:02:13,133,60.5,23.9,127,71,605,OFF,1
0:02:14,134,60.5,23.9,127,69,586,OFF,1
0:02:15,135,60.5,23.9,127,72,583,OFF,1
0:02:16,136,60.5,23.9,126,69,585,OFF,1
0:02:17,137,60.5,23.9,127,63,582,OFF,1
0:02:18,138,60.5,23.9,127,68,587,OFF,1
0:02:19,139,60.5,23.9,128,72,579,OFF,1
0:02:20,140,60.5,23.9,128,69,583,OFF,1
0:02:21,141,60.5,23.9,128,71,590,OFF,1
0:02:22,142,60.5,23.9,128,72,590,OFF,1
0:02:23,143,60.5,23.9,129,77,607,OFF,1
0:02:24,144,60.5,23.9,129,76,618,OFF,1
0:02:25,145,60.5,23.9,129,81,609,OFF,1
0:02:26,146,60.5,23.9,128,83,609,OFF,1
0:02:27,147,60.5,23.9,129,86,609,OFF,1
0:02:28,148,60.5,23.9,129,91,615,OFF,1
0:02:29,149,60.6,24,130,89,623,OFF,1
0:02:30,150,60.6,24,130,83,617,OFF,1
0:02:31,151,60.5,23.9,132,94,624,OFF,1
0:02:32,152,60.5,23.9,133,94,628,OFF,1
0:02:33,153,60.5,24,135,90,646,OFF,1
0:02:34,154,60.5,24,136,93,670,OFF,1
0:02:35,155,60.5,24,138,112,758,OFF,1
0:02:36,156,60.5,24,139,118,800,OFF,1
0:02:37,157,60.5,24,141,134,837,OFF,1
0:02:38,158,60.5,24,142,135,849,OFF,1
0:02:39,159,60.5,24,144,146,875,OFF,1
0:02:40,160,60.5,24,145,148,904,OFF,1
0:02:41,161,60.5,24,146,159,899,OFF,1
0:02:42,162,60.5,24,147,161,903,OFF,1
0:02:43,163,60.5,24,147,167,916,OFF,1
0:02:44,164,60.5,24,148,168,921,OFF,1
0:02:45,165,60.5,24,148,175,923,OFF,1
0:02:46,166,60.5,24,148,180,928,OFF,1
0:02:47,167,60.5,24,147,183,930,OFF,1
0:02:48,168,60.4,24,148,184,928,OFF,1
0:02:49,169,60.4,24,149,185,911,OFF,1
0:02:50,170,60.4,24,151,186,872,OFF,1
0:02:51,171,60.4,24,151,185,866,OFF,1
0:02:52,172,60.4,24,152,186,888,OFF,1
0:02:53,173,60.4,24,153,194,952,OFF,1
0:02:54,174,60.4,24,155,195,969,OFF,1
0:02:55,175,60.4,24,157,192,1006,OFF,1
0:02:56,176,60.4,24,159,201,1023,OFF,1
0:02:57,177,60.4,24,159,206,1040,OFF,1
0:02:58,178,60.4,24,160,207,1035,OFF,1
0:02:59,179,60.4,24,161,206,1018,OFF,1
0:03:00,180,60.4,24,161,211,1040,OFF,1
0:03:01,181,60.4,24,162,218,1074,OFF,1
0:03:02,182,60.4,24,162,215,1122,OFF,1
0:03:03,183,60.4,24,163,223,1148,OFF,1
0:03:04,184,60.3,24,163,233,1171,OFF,1
0:03:05,185,60.3,24,163,224,1185,OFF,1
0:03:06,186,60.3,24,163,230,1197,OFF,1
0:03:07,187,60.3,24,163,239,1215,OFF,1
0:03:08,188,60.3,24,164,238,1226,OFF,1
0:03:09,189,60.3,24,164,241,1228,OFF,1
0:03:10,190,60.3,24,165,241,1221,OFF,1
0:03:11,191,60.3,24,164,248,1225,OFF,1
0:03:12,192,60.3,24.1,164,247,1210,OFF,1
0:03:13,193,60.3,24.1,165,246,1203,OFF,1
0:03:14,194,60.3,24.1,164,242,1163,OFF,1
0:03:15,195,60.3,24.1,165,245,1166,OFF,1
0:03:16,196,60.3,24,165,247,1112,OFF,1
0:03:17,197,60.3,24,164,245,1079,OFF,1
0:03:18,198,60.3,24.1,164,237,1019,OFF,1
0:03:19,199,60.3,24.1,164,234,991,OFF,1
0:03:20,200,60.3,24.1,164,232,931,OFF,1
0:03:21,201,60.3,24.1,164,230,910,OFF,1
0:03:22,202,60.3,24.1,164,221,850,OFF,1
0:03:23,203,60.3,24.1,164,218,839,OFF,1
0:03:24,204,60.3,24.1,164,214,834,OFF,1
0:03:25,205,60.3,24.1,164,213,828,OFF,1
0:03:26,206,60.2,24.1,164,212,832,OFF,1
0:03:27,207,60.2,24.1,165,209,827,OFF,1
0:03:28,208,60.2,24.1,166,206,844,OFF,1
0:03:29,209,60.2,24.1,166,210,875,OFF,1
0:03:30,210,60.2,24.1,166,213,952,OFF,1
0:03:31,211,60.2,24.1,167,216,1015,OFF,1
0:03:32,212,60.2,24.1,167,223,1093,OFF,1
0:03:33,213,60.2,24.1,167,227,1115,OFF,1
0:03:34,214,60.2,24.1,168,231,1128,OFF,1
0:03:35,215,60.2,24.1,167,234,1137,OFF,1
0:03:36,216,60.2,24.1,168,240,1171,OFF,1
0:03:37,217,60.2,24.1,168,238,1160,OFF,1
0:03:38,218,60.2,24.1,168,241,1186,OFF,1
0:03:39,219,60.1,24.1,168,245,1185,OFF,1
0:03:40,220,60.1,24.1,168,243,1197,OFF,1
0:03:41,221,60.1,24.1,168,240,1208,OFF,1
0:03:42,222,60.1,24.1,168,247,1208,OFF,1
0:03:43,223,60.1,24.1,168,251,1188,OFF,1
0:03:44,224,60.1,24.1,168,247,1184,OFF,1
0:03:45,225,60.1,24.1,168,251,1180,OFF,1
0:03:46,226,60.1,24.1,168,250,1185,OFF,1
0:03:47,227,60.1,24.1,169,250,1221,OFF,1
0:03:48,228,60.1,24.1,170,255,1256,OFF,1
0:03:49,229,60.1,24.1,170,261,1324,OFF,1
0:03:50,230,60.1,24.1,170,267,1378,OFF,1
0:03:51,231,60.1,24.1,171,275,1430,OFF,1
0:03:52,232,60.1,24.1,173,284,1467,OFF,1
0:03:53,233,60.1,24.1,174,298,1508,OFF,1
0:03:54,234,60.1,24.1,175,311,1542,OFF,1
0:03:55,235,60.1,24.1,176,319,1601,OFF,1
0:03:56,236,60.1,24.1,176,334,1633,OFF,1
0:03:57,237,60.1,24.2,179,338,1667,OFF,1
0:03:58,238,60.1,24.2,179,339,1661,OFF,1
0:03:59,239,60.1,24.2,181,350,1677,OFF,1
0:04:00,240,60.1,24.2,181,352,1677,OFF,1
0:04:01,241,60.1,24.2,182,372,1724,OFF,1
0:04:02,242,60.1,24.2,183,365,1690,OFF,1
0:04:03,243,60.1,24.2,184,379,1710,OFF,1
0:04:04,244,60.1,24.2,184,377,1724,OFF,1
0:04:05,245,60.1,24.1,185,392,1733,OFF,1
0:04:06,246,60.1,24.1,185,391,1719,OFF,1
0:04:07,247,60.1,24.1,186,400,1731,OFF,1
0:04:08,248,60.1,24.1,186,390,1730,OFF,1
0:04:09,249,60.1,24.2,187,390,1707,OFF,1
0:04:10,250,60.1,24.2,187,398,1713,OFF,1
0:04:11,251,60.1,24.2,188,396,1698,OFF,1
0:04:12,252,60.1,24.2,189,390,1692,OFF,1
0:04:13,253,60.1,24.2,189,400,1686,OFF,1
0:04:14,254,60.1,24.2,189,397,1688,OFF,1
0:04:15,255,60.1,24.2,189,395,1688,OFF,1
0:04:16,256,60.1,24.2,189,395,1657,OFF,1
0:04:17,257,60.1,24.2,190,385,1669,OFF,1
0:04:18,258,60.1,24.2,190,397,1676,OFF,1
0:04:19,259,60.1,24.2,190,402,1687,OFF,1
0:04:20,260,60.1,24.2,190,397,1692,OFF,1
0:04:21,261,60.1,24.2,190,401,1688,OFF,1
0:04:22,262,60.1,24.2,190,395,1687,OFF,1
0:04:23,263,60.1,24.2,190,410,1686,OFF,1
0:04:24,264,60.1,24.1,190,402,1676,OFF,1
0:04:25,265,60.1,24.1,190,399,1657,OFF,1
0:04:27,266,60.1,24.2,190,412,1651,OFF,1
0:04:27,267,60.1,24.2,190,397,1617,OFF,1
0:04:28,268,60.1,24.2,189,391,1595,OFF,1
0:04:29,269,60.1,24.2,188,400,1584,OFF,1
0:04:30,270,60.1,24.2,188,400,1570,OFF,1
0:04:31,271,60.1,24.2,188,390,1547,OFF,1
0:04:32,272,60.1,24.2,188,387,1549,OFF,1
0:04:33,273,60.1,24.2,187,375,1543,OFF,1
0:04:34,274,60.2,24.2,187,379,1554,OFF,1
0:04:35,275,60.2,24.2,186,394,1577,OFF,1
0:04:36,276,60.2,24.2,186,391,1564,OFF,1
0:04:37,277,60.2,24.2,186,382,1582,OFF,1
0:04:38,278,60.2,24.2,186,395,1587,OFF,1
0:04:39,279,60.2,24.2,186,383,1593,OFF,1
0:04:40,280,60.2,24.2,186,377,1603,OFF,1
0:04:41,281,60.2,24.2,187,392,1613,OFF,1
0:04:42,282,60.2,24.2,187,398,1606,OFF,1
0:04:43,283,60.2,24.2,187,397,1628,OFF,1
0:04:44,284,60.2,24.2,188,403,1631,OFF,1
0:04:45,285,60.2,24.2,187,393,1638,OFF,1
0:04:46,286,60.2,24.2,188,409,1627,OFF,1
0:04:47,287,60.2,24.2,188,400,1627,OFF,1
0:04:48,288,60.1,24.2,188,405,1631,OFF,1
0:04:49,289,60.1,24.2,188,403,1622,OFF,1
0:04:50,290,60.1,24.2,188,401,1638,OFF,1
0:04:51,291,60.1,24.2,188,406,1637,OFF,1
0:04:52,292,60.1,24.2,189,407,1650,OFF,1
0:04:53,293,60.1,24.2,189,405,1633,OFF,1
0:04:54,294,60.1,24.2,189,403,1640,OFF,1
0:04:55,295,60.1,24.2,189,399,1650,OFF,1
0:04:56,296,60.1,24.2,190,414,1671,OFF,1
0:04:57,297,60.1,24.2,190,404,1676,OFF,1
0:04:58,298,60,24.2,190,415,1701,OFF,1
0:04:59,299,60,24.2,190,409,1697,OFF,1
0:05:00,300,60,24.2,191,417,1699,OFF,1
0:05:01,301,60,24.2,191,412,1717,OFF,1
0:05:02,302,60,24.2,192,424,1745,OFF,1
0:05:03,303,60,24.2,192,432,1734,OFF,1
0:05:04,304,60,24.2,192,422,1752,OFF,1
0:05:05,305,60,24.2,192,427,1758,OFF,1
0:05:06,306,60,24.2,193,427,1784,OFF,1
0:05:07,307,60,24.2,193,440,1806,OFF,1
0:05:08,308,60,24.2,194,448,1813,OFF,1
0:05:09,309,59.9,24.2,194,441,1805,OFF,1
0:05:10,310,59.9,24.2,194,447,1836,OFF,1
0:05:11,311,60,24.3,195,453,1821,OFF,1
0:05:12,312,60,24.3,195,446,1819,OFF,1
0:05:13,313,59.9,24.2,196,444,1815,OFF,1
0:05:14,314,59.9,24.2,196,457,1840,OFF,1
0:05:15,315,59.9,24.2,197,462,1843,OFF,1
0:05:16,316,59.9,24.2,197,460,1841,OFF,1
0:05:17,317,59.9,24.3,197,461,1852,OFF,1
0:05:18,318,59.9,24.3,197,457,1836,OFF,1
0:05:19,319,59.9,24.2,198,463,1880,OFF,1
0:05:20,320,59.9,24.2,198,465,1867,OFF,1
0:05:21,321,59.9,24.3,198,470,1867,OFF,1
0:05:22,322,59.9,24.3,199,462,1846,OFF,1
0:05:23,323,59.9,24.3,199,464,1845,OFF,1
0:05:24,324,59.9,24.3,199,468,1861,OFF,1
0:05:25,325,59.8,24.2,199,470,1857,OFF,1
0:05:26,326,59.8,24.2,199,484,1872,OFF,1
0:05:27,327,59.9,24.2,200,476,1881,OFF,1
0:05:28,328,59.9,24.2,199,471,1869,OFF,1
0:05:29,329,59.9,24.3,200,472,1888,OFF,1
0:05:30,330,59.9,24.3,199,480,1871,OFF,1
0:05:31,331,59.9,24.2,199,469,1872,OFF,1
0:05:32,332,59.9,24.2,200,481,1851,OFF,1
0:05:33,333,59.9,24.3,199,480,1848,OFF,1
0:05:34,334,59.9,24.3,199,466,1814,OFF,1
0:05:35,335,59.9,24.3,199,465,1796,OFF,1
0:05:36,336,59.9,24.3,199,463,1788,OFF,1
0:05:37,337,59.9,24.3,198,460,1774,OFF,1
0:05:38,338,59.9,24.3,199,464,1781,OFF,1
0:05:39,339,59.8,24.2,198,457,1748,OFF,1
0:05:40,340,59.8,24.2,198,458,1755,OFF,1
0:05:41,341,59.9,24.3,197,458,1755,OFF,1
0:05:42,342,59.9,24.3,197,455,1746,OFF,1
0:05:43,343,59.9,24.3,196,451,1724,OFF,1
0:05:44,344,59.9,24.3,195,443,1715,OFF,1
0:05:45,345,59.9,24.3,195,454,1714,OFF,1
0:05:46,346,59.9,24.3,195,453,1714,OFF,1
0:05:47,347,59.8,24.3,194,444,1702,OFF,1
0:05:48,348,59.8,24.3,194,440,1695,OFF,1
0:05:49,349,59.8,24.3,193,444,1692,OFF,1
0:05:50,350,59.8,24.3,193,451,1703,OFF,1
0:05:51,351,59.8,24.3,193,439,1681,OFF,1
0:05:52,352,59.8,24.3,193,446,1699,OFF,1
0:05:53,353,59.8,24.3,193,450,1701,OFF,1
0:05:54,354,59.8,24.3,193,453,1695,OFF,1
0:05:55,355,59.8,24.3,193,443,1693,OFF,1
0:05:56,356,59.8,24.3,192,453,1703,OFF,1
0:05:57,357,59.8,24.3,193,454,1699,OFF,1
0:05:58,358,59.8,24.3,193,447,1697,OFF,1
0:05:59,359,59.9,24.3,192,445,1706,OFF,1
0:06:00,360,59.9,24.3,193,450,1702,OFF,1
0:06:01,361,59.9,24.3,193,450,1702,OFF,1
0:06:02,362,59.9,24.3,192,451,1714,OFF,1
0:06:03,363,59.9,24.3,192,449,1709,OFF,1
0:06:04,364,59.9,24.3,193,455,1719,OFF,1
0:06:05,365,59.9,24.3,192,453,1704,OFF,1
0:06:06,366,59.9,24.3,192,452,1707,OFF,1
0:06:07,367,59.9,24.3,192,456,1702,OFF,1
0:06:08,368,59.9,24.3,193,458,1714,OFF,1
0:06:09,369,59.9,24.3,192,454,1733,OFF,1
0:06:11,370,59.9,24.3,193,455,1738,OFF,1
0:06:12,371,60,24.3,193,468,1773,OFF,1
0:06:13,372,60,24.3,193,466,1768,OFF,1
0:06:14,373,60,24.3,193,466,1777,OFF,1
0:06:15,374,60,24.3,194,463,1758,OFF,1
0:06:16,375,60,24.3,194,465,1775,OFF,1
0:06:17,376,60,24.3,194,469,1781,OFF,1
0:06:18,377,60,24.3,193,465,1756,OFF,1
0:06:19,378,59.9,24.3,194,471,1750,OFF,1
0:06:20,379,59.9,24.3,194,461,1742,OFF,1
0:06:21,380,59.9,24.3,194,466,1735,OFF,1
0:06:22,381,59.9,24.3,194,467,1768,OFF,1
0:06:23,382,59.9,24.3,194,473,1779,OFF,1
0:06:24,383,59.9,24.3,194,473,1788,OFF,1
0:06:25,384,59.8,24.3,194,474,1790,OFF,1
0:06:26,385,59.8,24.3,194,472,1789,OFF,1
0:06:27,386,59.8,24.3,194,471,1794,OFF,1
0:06:28,387,59.8,24.3,194,486,1780,OFF,1
0:06:29,388,59.8,24.3,194,477,1767,OFF,1
0:06:30,389,59.8,24.3,194,470,1755,OFF,1
0:06:31,390,59.8,24.3,194,470,1761,OFF,1
0:06:32,391,59.8,24.3,194,470,1766,OFF,1
0:06:33,392,59.8,24.3,195,471,1773,OFF,1
0:06:34,393,59.8,24.3,195,482,1787,OFF,1
0:06:35,394,59.8,24.3,196,488,1802,OFF,1
0:06:36,395,59.8,24.3,196,474,1790,OFF,1
0:06:37,396,59.8,24.3,196,480,1814,OFF,1
0:06:38,397,59.8,24.3,197,486,1824,OFF,1
0:06:39,398,59.8,24.3,197,492,1848,OFF,1
0:06:40,399,59.8,24.3,197,493,1856,OFF,1
0:06:41,400,59.8,24.3,197,494,1874,OFF,1
0:06:42,401,59.8,24.3,198,498,1876,OFF,1
0:06:43,402,59.8,24.3,199,503,1880,OFF,1
0:06:44,403,59.8,24.3,199,496,1869,OFF,1
0:06:45,404,59.8,24.3,199,504,1880,OFF,1
0:06:46,405,59.8,24.3,199,502,1860,OFF,1
0:06:47,406,59.8,24.3,199,509,1876,OFF,1
0:06:48,407,59.8,24.3,199,505,1867,OFF,1
0:06:49,408,59.7,24.3,199,516,1865,OFF,1
0:06:50,409,59.7,24.3,199,514,1869,OFF,1
0:06:51,410,59.7,24.3,198,514,1852,OFF,1
0:06:52,411,59.7,24.3,198,504,1848,OFF,1
0:06:53,412,59.8,24.4,198,498,1830,OFF,1
0:06:54,413,59.8,24.4,198,502,1828,OFF,1
0:06:55,414,59.7,24.3,197,510,1837,OFF,1
0:06:56,415,59.7,24.3,197,506,1822,OFF,1
0:06:57,416,59.7,24.3,197,502,1811,OFF,1
0:06:58,417,59.8,24.4,198,508,1816,OFF,1
0:06:59,418,59.8,24.4,198,501,1826,OFF,1
0:07:00,419,59.9,24.4,198,515,1827,OFF,1
0:07:01,420,59.9,24.4,198,518,1848,OFF,1
0:07:02,421,60,24.4,198,506,1835,OFF,1
0:07:03,422,60,24.4,197,497,1795,OFF,1
0:07:04,423,59.9,24.3,197,518,1796,OFF,1
0:07:05,424,59.9,24.3,197,505,1795,OFF,1
0:07:06,425,60,24.4,196,500,1794,OFF,1
0:07:07,426,60,24.4,196,503,1812,OFF,1
0:07:08,427,60,24.4,196,507,1813,OFF,1
0:07:09,428,60,24.4,196,508,1830,OFF,1
0:07:10,429,60.1,24.4,196,510,1798,OFF,1
0:07:11,430,60.1,24.4,195,512,1812,OFF,1
0:07:12,431,60.1,24.4,195,521,1799,OFF,1
0:07:13,432,60.1,24.4,195,513,1795,OFF,1
0:07:14,433,60.1,24.4,194,509,1776,OFF,1
0:07:15,434,60.1,24.4,194,511,1760,OFF,1
0:07:16,435,60.1,24.4,194,501,1715,OFF,1
0:07:17,436,60.1,24.4,193,490,1704,OFF,1
0:07:18,437,60.1,24.4,193,496,1684,OFF,1
0:07:19,438,60.1,24.4,193,498,1682,OFF,1
0:07:20,439,60.2,24.4,193,488,1666,OFF,1
0:07:21,440,60.2,24.4,193,494,1661,OFF,1
0:07:22,441,60.3,24.4,192,500,1679,OFF,1
0:07:23,442,60.3,24.4,192,485,1659,OFF,1
0:07:24,443,60.3,24.4,192,485,1677,OFF,1
0:07:25,444,60.3,24.4,192,487,1671,OFF,1
0:07:26,445,60.3,24.4,192,485,1679,OFF,1
0:07:27,446,60.3,24.4,192,483,1681,OFF,1
0:07:28,447,60.3,24.4,192,487,1703,OFF,1
0:07:29,448,60.3,24.4,192,484,1709,OFF,1
0:07:30,449,60.3,24.4,192,498,1713,OFF,1
0:07:31,450,60.3,24.4,192,491,1712,OFF,1
0:07:32,451,60.3,24.4,192,499,1692,OFF,1
0:07:33,452,60.3,24.4,192,496,1687,OFF,1
0:07:34,453,60.3,24.4,192,486,1674,OFF,1
0:07:35,454,60.3,24.4,192,501,1710,OFF,1
0:07:36,455,60.3,24.4,192,498,1703,OFF,1
0:07:37,456,60.3,24.4,192,502,1706,OFF,1
0:07:38,457,60.3,24.4,192,496,1696,OFF,1
0:07:39,458,60.3,24.4,192,494,1673,OFF,1
0:07:40,459,60.3,24.4,191,491,1634,OFF,1
0:07:41,460,60.3,24.4,191,481,1599,OFF,1
0:07:42,461,60.3,24.4,191,478,1590,OFF,1
0:07:43,462,60.4,24.4,190,480,1588,OFF,1
0:07:44,463,60.4,24.4,190,476,1574,OFF,1
0:07:45,464,60.5,24.4,190,475,1573,OFF,1
0:07:46,465,60.5,24.4,190,475,1565,OFF,1
0:07:47,466,60.5,24.4,190,472,1552,OFF,1
0:07:48,467,60.5,24.4,189,465,1573,OFF,1
0:07:49,468,60.5,24.4,189,460,1569,OFF,1
0:07:50,469,60.5,24.4,189,465,1583,OFF,1
0:07:51,470,60.5,24.4,189,458,1575,OFF,1
0:07:52,471,60.5,24.4,189,463,1578,OFF,1
0:07:53,472,60.5,24.4,190,468,1579,OFF,1
0:07:54,473,60.5,24.4,189,461,1558,OFF,1
0:07:55,474,60.5,24.4,189,468,1570,OFF,1
0:07:56,475,60.5,24.4,189,460,1570,OFF,1
0:07:57,476,60.6,24.4,189,467,1565,OFF,1
0:07:58,477,60.6,24.4,189,461,1573,OFF,1
0:07:59,478,60.5,24.4,189,473,1572,OFF,1
0:08:00,479,60.5,24.4,189,468,1577,OFF,1
0:08:01,480,60.5,24.4,189,464,1578,OFF,1
0:08:02,481,60.5,24.4,189,458,1582,OFF,1
0:08:03,482,60.5,24.4,189,469,1606,OFF,1
0:08:04,483,60.5,24.4,189,463,1586,OFF,1
0:08:05,484,60.5,24.4,189,470,1601,OFF,1
0:08:06,485,60.5,24.4,189,455,1593,OFF,1
0:08:07,486,60.5,24.4,189,471,1605,OFF,1
0:08:08,487,60.5,24.4,188,457,1587,OFF,1
0:08:09,488,60.5,24.4,188,465,1591,OFF,1
0:08:10,489,60.5,24.4,189,464,1573,OFF,1
0:08:11,490,60.5,24.4,189,465,1575,OFF,1
0:08:12,491,60.5,24.4,189,472,1571,OFF,1
0:08:13,492,60.4,24.4,189,463,1579,OFF,1
0:08:14,493,60.4,24.4,189,459,1578,OFF,1
0:08:15,494,60.4,24.4,189,468,1599,OFF,1
0:08:16,495,60.4,24.4,190,463,1591,OFF,1
0:08:17,496,60.4,24.4,189,470,1587,OFF,1
0:08:18,497,60.4,24.4,190,468,1598,OFF,1
0:08:19,498,60.4,24.4,190,473,1596,OFF,1
0:08:20,499,60.4,24.4,190,468,1595,OFF,1
0:08:21,500,60.3,24.4,190,476,1601,OFF,1
0:08:22,501,60.3,24.4,190,476,1617,OFF,1
0:08:23,502,60.3,24.4,190,479,1621,OFF,1
0:08:24,503,60.3,24.4,190,476,1602,OFF,1
0:08:25,504,60.4,24.4,190,475,1616,OFF,1
0:08:26,505,60.4,24.4,190,477,1623,OFF,1
0:08:27,506,60.4,24.5,190,474,1617,OFF,1
0:08:28,507,60.4,24.5,190,474,1607,OFF,1
0:08:29,508,60.4,24.4,190,468,1610,OFF,1
0:08:30,509,60.4,24.4,189,484,1607,OFF,1
0:08:31,510,60.4,24.4,189,474,1605,OFF,1
0:08:32,511,60.4,24.4,190,486,1614,OFF,1
0:08:33,512,60.4,24.4,190,483,1614,OFF,1
0:08:34,513,60.4,24.4,190,488,1607,OFF,1
0:08:35,514,60.4,24.5,190,477,1599,OFF,1
0:08:36,515,60.4,24.5,190,485,1591,OFF,1
0:08:37,516,60.3,24.4,190,488,1611,OFF,1
0:08:38,517,60.3,24.4,190,491,1591,OFF,1
0:08:39,518,60.4,24.5,190,488,1600,OFF,1
0:08:40,519,60.4,24.5,190,475,1596,OFF,1
0:08:41,520,60.3,24.4,190,481,1609,OFF,1
0:08:42,521,60.3,24.4,190,476,1606,OFF,1
0:08:43,522,60.3,24.4,190,491,1618,OFF,1
0:08:44,523,60.3,24.4,190,487,1603,OFF,1
0:08:45,524,60.3,24.4,190,493,1610,OFF,1
0:08:46,525,60.3,24.4,190,482,1611,OFF,1
0:08:47,526,60.4,24.5,190,488,1606,OFF,1
0:08:48,527,60.4,24.5,190,481,1595,OFF,1
0:08:49,528,60.4,24.5,189,489,1607,OFF,1
0:08:50,529,60.3,24.4,190,486,1605,OFF,1
0:08:51,530,60.3,24.4,189,480,1602,OFF,1
0:08:52,531,60.4,24.5,189,480,1582,OFF,1
0:08:53,532,60.4,24.5,189,488,1603,OFF,1
0:08:54,533,60.4,24.4,189,479,1593,OFF,1
0:08:55,534,60.4,24.4,189,484,1591,OFF,1
0:08:56,535,60.5,24.5,189,484,1584,OFF,1
0:08:57,536,60.5,24.5,189,492,1604,OFF,1
0:08:58,537,60.4,24.5,188,488,1587,OFF,1
0:08:59,538,60.4,24.5,189,486,1579,OFF,1
0:09:00,539,60.4,24.5,189,488,1581,OFF,1
0:09:01,540,60.4,24.5,189,483,1593,OFF,1
0:09:02,541,60.4,24.5,188,476,1555,OFF,1
0:09:03,542,60.4,24.5,189,484,1574,OFF,1
0:09:04,543,60.4,24.5,188,476,1554,OFF,1
0:09:05,544,60.4,24.5,188,473,1559,OFF,1
0:09:06,545,60.3,24.5,188,481,1575,OFF,1
0:09:07,546,60.3,24.5,188,475,1577,OFF,1
0:09:08,547,60.3,24.5,188,480,1564,OFF,1
0:09:09,548,60.3,24.5,188,480,1568,OFF,1
0:09:10,549,60.3,24.5,188,483,1570,OFF,1
0:09:11,550,60.3,24.5,188,475,1567,OFF,1
0:09:12,551,60.2,24.4,188,483,1582,OFF,1
0:09:13,552,60.2,24.4,188,486,1579,OFF,1
0:09:14,553,60.3,24.5,188,478,1561,OFF,1
0:09:15,554,60.3,24.5,188,486,1575,OFF,1
0:09:16,555,60.3,24.5,188,478,1581,OFF,1
0:09:17,556,60.3,24.5,188,483,1554,OFF,1
0:09:18,557,60.3,24.5,188,471,1534,OFF,1
0:09:19,558,60.3,24.5,188,478,1536,OFF,1
0:09:20,559,60.2,24.5,188,472,1535,OFF,1
0:09:21,560,60.2,24.5,188,468,1535,OFF,1
0:09:22,561,60.2,24.5,188,471,1532,OFF,1
0:09:23,562,60.2,24.5,188,477,1506,OFF,1
0:09:24,563,60.2,24.5,187,470,1531,OFF,1
0:09:25,564,60.2,24.5,188,464,1530,OFF,1
0:09:26,565,60.2,24.5,188,456,1530,OFF,1
0:09:27,566,60.2,24.5,188,462,1522,OFF,1
0:09:28,567,60.2,24.5,188,465,1541,OFF,1
0:09:29,568,60.2,24.5,188,466,1540,OFF,1
0:09:30,569,60.2,24.5,188,470,1550,OFF,1
0:09:31,570,60.1,24.5,188,469,1542,OFF,1
0:09:32,571,60.1,24.5,189,471,1555,OFF,1
0:09:33,572,60.1,24.5,188,474,1558,OFF,1
0:09:34,573,60.1,24.5,188,478,1565,OFF,1
0:09:35,574,60.1,24.5,189,466,1559,OFF,1
0:09:36,575,60.1,24.5,188,472,1559,OFF,1
0:09:37,576,60.1,24.5,188,478,1563,OFF,1
0:09:38,577,60.1,24.5,189,481,1559,OFF,1
0:09:39,578,60.2,24.5,188,478,1562,OFF,1
0:09:40,579,60.2,24.5,189,486,1581,OFF,1
0:09:41,580,60.2,24.5,188,486,1563,OFF,1
0:09:42,581,60.2,24.5,188,477,1569,OFF,1
0:09:43,582,60.2,24.5,188,481,1564,OFF,1
0:09:44,583,60.2,24.5,188,488,1556,OFF,1
0:09:45,584,60.2,24.5,188,485,1559,OFF,1
0:09:46,585,60.2,24.5,187,489,1549,OFF,1
0:09:47,586,60.2,24.5,188,493,1530,OFF,1
0:09:48,587,60.2,24.5,188,476,1551,OFF,1
0:09:49,588,60.2,24.5,188,475,1555,OFF,1
0:09:50,589,60.2,24.5,188,473,1532,OFF,1
0:09:51,590,60.1,24.5,188,482,1556,OFF,1
0:09:52,591,60.1,24.5,188,477,1546,OFF,1
0:09:53,592,60.1,24.5,188,476,1545,OFF,1
0:09:54,593,60.1,24.5,188,484,1552,OFF,1
0:09:55,594,60.1,24.5,188,470,1549,OFF,1
0:09:56,595,60.1,24.5,188,476,1535,OFF,1
0:09:57,596,60,24.5,188,480,1543,OFF,1
0:09:58,597,60,24.5,188,484,1536,OFF,1
0:09:59,598,60,24.5,188,459,1541,OFF,1
0:10:00,599,60,24.5,188,475,1545,OFF,1
0:10:01,600,60,24.5,188,478,1538,OFF,1
0:10:02,601,60,24.5,188,486,1552,OFF,1
0:10:03,602,60,24.5,188,482,1569,OFF,1
0:10:04,603,60,24.5,188,466,1557,OFF,1
0:10:05,604,60.1,24.5,188,491,1577,OFF,1
0:10:06,605,60.1,24.5,188,482,1574,OFF,1
0:10:07,606,60.1,24.5,189,489,1568,OFF,1
0:10:08,607,60.1,24.5,189,489,1572,OFF,1
0:10:09,608,60.1,24.5,189,498,1564,OFF,1
0:10:10,609,60.1,24.5,188,494,1574,OFF,1
0:10:11,610,60.1,24.5,189,486,1568,OFF,1
0:10:12,611,60.1,24.5,189,488,1572,OFF,1
0:10:13,612,60.1,24.5,188,496,1555,OFF,1
0:10:14,613,60.2,24.5,188,491,1556,OFF,1
0:10:15,614,60.2,24.5,188,498,1551,OFF,1
0:10:16,615,60.2,24.5,189,481,1546,OFF,1
0:10:17,616,60.2,24.5,188,491,1563,OFF,1
0:10:18,617,60.2,24.5,189,486,1555,OFF,1
0:10:19,618,60.2,24.5,189,485,1553,OFF,1
0:10:20,619,60.2,24.5,189,496,1537,OFF,1
0:10:21,620,60.2,24.5,189,491,1553,OFF,1
0:10:22,621,60.1,24.5,188,485,1549,OFF,1
0:10:23,622,60.1,24.5,189,485,1536,OFF,1
0:10:24,623,60.1,24.5,188,488,1553,OFF,1
0:10:25,624,60.1,24.5,188,479,1527,OFF,1
0:10:26,625,60.1,24.5,188,479,1542,OFF,1
0:10:27,626,60.1,24.5,189,491,1542,OFF,1
0:10:28,627,60.1,24.5,189,486,1537,OFF,1
0:10:29,628,60.1,24.5,188,488,1547,OFF,1
0:10:30,629,60,24.5,188,483,1534,OFF,1
0:10:31,630,60,24.5,189,473,1522,OFF,1
0:10:32,631,60,24.5,188,476,1524,OFF,1
0:10:33,632,60,24.5,189,479,1529,OFF,1
0:10:34,633,60,24.5,188,475,1513,OFF,1
0:10:35,634,60,24.5,187,473,1509,OFF,1
0:10:36,635,59.9,24.5,188,475,1519,OFF,1
0:10:37,636,59.9,24.5,187,469,1504,OFF,1
0:10:38,637,59.9,24.5,188,472,1513,OFF,1
0:10:39,638,59.9,24.5,188,465,1510,OFF,1
0:10:40,639,59.9,24.5,188,470,1506,OFF,1
0:10:41,640,59.9,24.5,187,486,1522,OFF,1
0:10:42,641,59.9,24.5,188,479,1513,OFF,1
0:10:43,642,59.9,24.5,188,470,1503,OFF,1
0:10:44,643,59.9,24.5,188,474,1526,OFF,1
0:10:45,644,59.9,24.5,188,470,1518,OFF,1
0:10:46,645,60,24.5,188,476,1537,OFF,1
0:10:47,646,60,24.5,188,482,1527,OFF,1
0:10:48,647,60,24.5,188,482,1545,OFF,1
0:10:49,648,60,24.5,188,487,1535,OFF,1
0:10:50,649,60,24.5,188,489,1539,OFF,1
0:10:51,650,60,24.5,188,486,1540,OFF,1
0:10:52,651,60,24.5,188,486,1545,OFF,1
0:10:53,652,60,24.5,188,476,1532,OFF,1
0:10:54,653,60,24.5,188,485,1523,OFF,1
0:10:55,654,60,24.5,188,486,1520,OFF,1
0:10:56,655,60,24.5,188,479,1533,OFF,1
0:10:57,656,60,24.5,188,481,1530,OFF,1
0:10:58,657,60,24.5,188,483,1520,OFF,1
0:10:59,658,60,24.5,189,483,1508,OFF,1
0:11:00,659,60,24.5,188,481,1518,OFF,1
0:11:01,660,59.9,24.5,189,475,1515,OFF,1
0:11:02,661,59.9,24.5,188,480,1520,OFF,1
0:11:03,662,59.9,24.5,188,473,1507,OFF,1
0:11:04,663,59.9,24.5,189,482,1519,OFF,1
0:11:05,664,59.9,24.5,188,478,1519,OFF,1
0:11:06,665,59.9,24.5,188,466,1501,OFF,1
0:11:07,666,59.9,24.5,188,478,1518,OFF,1
0:11:08,667,59.9,24.5,188,473,1495,OFF,1
0:11:09,668,59.8,24.5,188,480,1509,OFF,1
0:11:10,669,59.8,24.5,189,473,1506,OFF,1
0:11:11,670,59.8,24.5,188,480,1507,OFF,1
0:11:12,671,59.8,24.5,189,481,1503,OFF,1
0:11:13,672,59.8,24.5,189,480,1504,OFF,1
0:11:14,673,59.8,24.5,188,479,1519,OFF,1
0:11:15,674,59.8,24.5,188,481,1520,OFF,1
0:11:16,675,59.8,24.5,188,471,1489,OFF,1
0:11:17,676,59.8,24.5,188,470,1500,OFF,1
0:11:18,677,59.9,24.6,188,469,1492,OFF,1
0:11:19,678,59.9,24.6,188,471,1508,OFF,1
0:11:20,679,59.8,24.5,188,465,1486,OFF,1
0:11:21,680,59.8,24.5,188,470,1483,OFF,1
0:11:22,681,59.8,24.5,188,465,1480,OFF,1
0:11:23,682,59.8,24.5,188,460,1488,OFF,1
0:11:24,683,59.8,24.6,188,465,1493,OFF,1
0:11:25,684,59.8,24.6,189,470,1491,OFF,1
0:11:26,685,59.7,24.5,189,465,1509,OFF,1
0:11:27,686,59.7,24.5,189,466,1509,OFF,1
0:11:28,687,59.7,24.5,189,476,1520,OFF,1
0:11:29,688,59.7,24.5,189,468,1515,OFF,1
0:11:30,689,59.7,24.5,189,472,1521,OFF,1
0:11:31,690,59.7,24.5,189,469,1514,OFF,1
0:11:32,691,59.7,24.5,189,471,1504,OFF,1
0:11:33,692,59.7,24.5,189,464,1506,OFF,1
0:11:34,693,59.7,24.5,189,468,1514,OFF,1
0:11:35,694,59.7,24.5,189,476,1545,OFF,1
0:11:36,695,59.7,24.5,188,478,1533,OFF,1
0:11:37,696,59.7,24.5,189,475,1545,OFF,1
0:11:38,697,59.7,24.5,189,473,1537,OFF,1
0:11:39,698,59.7,24.5,189,479,1550,OFF,1
0:11:40,699,59.7,24.5,189,481,1547,OFF,1
0:11:42,700,59.7,24.5,190,483,1535,OFF,1
0:11:43,701,59.7,24.5,190,485,1559,OFF,1
0:11:44,702,59.7,24.5,190,471,1573,OFF,1
0:11:45,703,59.7,24.5,191,491,1607,OFF,1
0:11:46,704,59.7,24.5,191,489,1615,OFF,1
0:11:47,705,59.7,24.5,191,495,1633,OFF,1
0:11:48,706,59.7,24.5,192,503,1648,OFF,1
0:11:49,707,59.7,24.5,192,504,1673,OFF,1
0:11:50,708,59.7,24.5,193,506,1673,OFF,1
0:11:51,709,59.7,24.5,193,506,1664,OFF,1
0:11:52,710,59.7,24.5,193,516,1664,OFF,1
0:11:53,711,59.7,24.5,193,506,1670,OFF,1
0:11:54,712,59.7,24.5,193,521,1674,OFF,1
0:11:55,713,59.7,24.5,194,514,1676,OFF,1
0:11:56,714,59.7,24.5,194,514,1675,OFF,1
0:11:57,715,59.7,24.5,194,519,1695,OFF,1
0:11:58,716,59.6,24.5,195,516,1684,OFF,1
0:11:59,717,59.6,24.5,195,519,1701,OFF,1
0:12:00,718,59.6,24.5,195,526,1703,OFF,1
0:12:01,719,59.6,24.5,195,523,1711,OFF,1
0:12:02,720,59.7,24.5,196,517,1727,OFF,1
0:12:03,721,59.7,24.5,196,529,1735,OFF,1
0:12:04,722,59.7,24.6,196,533,1732,OFF,1
0:12:05,723,59.7,24.6,197,535,1725,OFF,1
0:12:06,724,59.7,24.5,197,539,1744,OFF,1
0:12:07,725,59.7,24.5,197,548,1720,OFF,1
0:12:08,726,59.7,24.5,197,534,1732,OFF,1
0:12:09,727,59.7,24.5,196,534,1728,OFF,1
0:12:10,728,59.7,24.5,197,531,1722,OFF,1
0:12:11,729,59.7,24.5,197,531,1722,OFF,1
0:12:12,730,59.7,24.5,197,547,1730,OFF,1
0:12:13,731,59.7,24.5,197,546,1713,OFF,1
0:12:14,732,59.7,24.5,197,538,1711,OFF,1
0:12:15,733,59.7,24.5,197,539,1701,OFF,1
0:12:16,734,59.7,24.5,197,542,1710,OFF,1
0:12:17,735,59.7,24.5,197,534,1692,OFF,1
0:12:18,736,59.7,24.5,196,539,1700,OFF,1
0:12:19,737,59.7,24.5,196,539,1712,OFF,1
0:12:20,738,59.7,24.5,197,546,1712,OFF,1
0:12:21,739,59.8,24.6,196,547,1704,OFF,1
0:12:22,740,59.8,24.6,196,535,1699,OFF,1
0:12:23,741,59.8,24.6,196,539,1702,OFF,1
0:12:24,742,59.8,24.6,196,542,1702,OFF,1
0:12:25,743,59.8,24.6,196,533,1700,OFF,1
0:12:26,744,59.8,24.6,196,535,1685,OFF,1
0:12:27,745,59.8,24.6,196,525,1699,OFF,1
0:12:28,746,59.8,24.6,196,522,1687,OFF,1
0:12:29,747,59.8,24.6,196,531,1711,OFF,1
0:12:30,748,59.8,24.6,196,535,1716,OFF,1
0:12:31,749,59.8,24.6,196,538,1730,OFF,1
0:12:32,750,59.8,24.6,196,538,1723,OFF,1
0:12:33,751,59.8,24.6,196,537,1718,OFF,1
0:12:34,752,59.8,24.6,196,546,1719,OFF,1
0:12:35,753,59.8,24.5,196,541,1716,OFF,1
0:12:36,754,59.8,24.5,196,542,1720,OFF,1
0:12:37,755,59.8,24.5,196,539,1722,OFF,1
0:12:38,756,59.8,24.5,196,547,1722,OFF,1
0:12:39,757,59.9,24.6,197,538,1719,OFF,1
0:12:40,758,59.9,24.6,197,551,1738,OFF,1
0:12:41,759,59.9,24.6,197,535,1718,OFF,1
0:12:42,760,59.9,24.6,197,531,1722,OFF,1
0:12:43,761,59.9,24.6,197,534,1716,OFF,1
0:12:44,762,59.9,24.6,196,542,1733,OFF,1
0:12:45,763,59.8,24.6,197,544,1723,OFF,1
0:12:46,764,59.8,24.6,197,536,1731,OFF,1
0:12:47,765,59.7,24.5,197,542,1739,OFF,1
0:12:48,766,59.7,24.5,197,540,1743,OFF,1
0:12:49,767,59.7,24.5,197,551,1748,OFF,1
0:12:50,768,59.7,24.5,197,549,1752,OFF,1
0:12:51,769,59.7,24.5,197,558,1738,OFF,1
0:12:52,770,59.7,24.5,198,552,1745,OFF,1
0:12:53,771,59.8,24.6,198,544,1741,OFF,1
0:12:54,772,59.8,24.6,198,554,1727,OFF,1
0:12:55,773,59.8,24.6,198,556,1729,OFF,1
0:12:56,774,59.8,24.6,198,550,1720,OFF,1
0:12:57,775,59.7,24.5,198,551,1730,OFF,1
0:12:58,776,59.7,24.5,198,551,1727,OFF,1
0:12:59,777,59.7,24.5,198,550,1747,OFF,1
0:13:00,778,59.7,24.5,199,555,1749,OFF,1
0:13:01,779,59.7,24.5,199,559,1760,OFF,1
0:13:02,780,59.7,24.5,199,554,1771,OFF,1
0:13:03,781,59.8,24.6,199,549,1758,OFF,1
0:13:04,782,59.8,24.6,199,561,1756,OFF,1
0:13:05,783,59.8,24.6,200,564,1780,OFF,1
0:13:06,784,59.8,24.6,199,560,1781,OFF,1
0:13:07,785,59.8,24.6,199,559,1777,OFF,1
0:13:08,786,59.8,24.6,199,566,1768,OFF,1
0:13:09,787,59.8,24.5,199,562,1784,OFF,1
0:13:10,788,59.7,24.5,199,558,1772,OFF,1
0:13:11,789,59.7,24.5,199,566,1763,OFF,1
0:13:12,790,59.7,24.5,199,566,1755,OFF,1
0:13:13,791,59.7,24.5,199,561,1764,OFF,1
0:13:14,792,59.8,24.6,199,563,1751,OFF,1
0:13:15,793,59.8,24.6,199,557,1760,OFF,1
0:13:16,794,59.7,24.5,198,562,1747,OFF,1
0:13:17,795,59.7,24.5,198,563,1745,OFF,1
0:13:18,796,59.7,24.5,198,554,1750,OFF,1
0:13:19,797,59.7,24.5,198,555,1747,OFF,1
0:13:20,798,59.7,24.5,199,549,1749,OFF,1
0:13:21,799,59.7,24.5,199,563,1771,OFF,1
0:13:22,800,59.7,24.6,199,555,1772,OFF,1
0:13:23,801,59.7,24.6,200,562,1843,OFF,1
0:13:24,802,59.7,24.6,201,566,1884,OFF,1
0:13:25,803,59.7,24.6,204,579,1938,OFF,1
0:13:26,804,59.7,24.6,206,590,1999,OFF,1
0:13:27,805,59.7,24.6,209,630,2423,OFF,1
0:13:28,806,59.7,24.6,211,664,2693,OFF,1
0:13:29,807,59.7,24.6,209,728,3071,OFF,1
0:13:30,808,59.7,24.6,207,762,3169,OFF,1
0:13:31,809,59.7,24.6,206,805,3073,OFF,1
0:13:32,810,59.7,24.6,205,811,2786,OFF,1
0:13:33,811,59.7,24.6,206,779,2472,OFF,1
0:13:34,812,59.8,24.6,206,755,2288,OFF,1
0:13:35,813,59.8,24.6,207,738,2160,OFF,1
0:13:36,814,59.9,24.6,208,718,2057,OFF,1
0:13:37,815,59.9,24.6,212,681,2012,OFF,1
0:13:38,816,59.9,24.6,216,669,2006,OFF,1
0:13:39,817,59.9,24.6,220,675,2037,OFF,1
0:13:40,818,59.9,24.6,224,688,2116,OFF,1
0:13:41,819,59.9,24.6,226,670,2261,OFF,1
0:13:42,820,59.9,24.6,229,719,2617,OFF,1
0:13:43,821,59.9,24.6,231,758,2936,OFF,1
0:13:44,822,59.8,24.6,233,818,3448,OFF,1
0:13:45,823,59.8,24.6,234,880,3613,OFF,1
0:13:46,824,59.9,24.6,235,924,3674,OFF,1
0:13:47,825,59.9,24.6,235,948,3689,OFF,1
0:13:48,826,59.9,24.6,234,978,3677,OFF,1
0:13:49,827,59.9,24.6,233,997,3610,OFF,1
0:13:50,828,60,24.6,231,986,3417,OFF,1
0:13:51,829,60,24.6,230,998,3390,OFF,1
0:13:52,830,60,24.6,228,981,3134,OFF,1
0:13:53,831,60,24.6,227,971,3056,OFF,1
0:13:54,832,60,24.6,227,959,3017,OFF,1
0:13:55,833,60.1,24.6,227,950,3012,OFF,1
0:13:56,834,60.1,24.6,227,955,3022,OFF,1
0:13:57,835,60.1,24.6,227,923,2987,OFF,1
0:13:58,836,60.1,24.6,226,921,2972,OFF,1
0:13:59,837,60.1,24.6,227,928,2970,OFF,1
0:14:00,838,60.1,24.6,228,910,2958,OFF,1
0:14:01,839,60,24.6,228,911,2970,OFF,1
0:14:02,840,60,24.6,228,918,2948,OFF,1
0:14:03,841,60,24.6,228,916,2948,OFF,1
0:14:04,842,60,24.6,228,916,2985,OFF,1
0:14:05,843,60,24.6,228,920,3004,OFF,1
0:14:06,844,60,24.6,228,918,3019,OFF,1
0:14:07,845,60,24.6,228,931,3046,OFF,1
0:14:08,846,60,24.6,228,939,3053,OFF,1
0:14:09,847,60,24.6,229,928,3039,OFF,1
0:14:10,848,60,24.6,228,935,3022,OFF,1
0:14:11,849,60,24.6,228,952,3017,OFF,1
0:14:12,850,60,24.6,229,929,2995,OFF,1
0:14:13,851,60,24.6,229,933,3004,OFF,1
0:14:14,852,60,24.6,229,922,3004,OFF,1
0:14:15,853,60,24.6,229,930,2980,OFF,1
0:14:16,854,60,24.6,229,936,2992,OFF,1
0:14:17,855,59.9,24.6,229,945,2936,OFF,1
0:14:18,856,59.9,24.6,229,923,2997,OFF,1
0:14:19,857,59.9,24.6,229,927,2941,OFF,1
0:14:20,858,59.9,24.6,229,919,2965,OFF,1
0:14:21,859,59.9,24.6,229,914,2938,OFF,1
0:14:22,860,59.9,24.6,229,923,2965,OFF,1
0:14:23,861,59.9,24.6,229,915,2958,OFF,1
0:14:24,862,59.9,24.6,229,925,2958,OFF,1
0:14:25,863,60,24.6,229,915,2941,OFF,1
0:14:26,864,60,24.6,229,921,2963,OFF,1
0:14:27,865,60,24.6,229,894,2933,OFF,1
0:14:28,866,60,24.6,229,928,2943,OFF,1
0:14:29,867,59.9,24.6,229,913,2941,OFF,1
0:14:30,868,59.9,24.6,229,918,2928,OFF,1
0:14:31,869,59.9,24.6,229,938,2975,OFF,1
0:14:32,870,59.9,24.6,229,932,2958,OFF,1
0:14:33,871,59.9,24.6,229,932,2972,OFF,1
0:14:34,872,59.9,24.6,229,919,2970,OFF,1
0:14:35,873,59.9,24.6,230,924,2982,OFF,1
0:14:36,874,59.9,24.6,230,922,3004,OFF,1
0:14:37,875,59.9,24.6,230,928,3022,OFF,1
0:14:38,876,59.9,24.6,230,920,2997,OFF,1
0:14:39,877,59.9,24.6,230,935,2992,OFF,1
0:14:40,878,59.9,24.6,230,920,3017,OFF,1
0:14:41,879,59.9,24.6,230,924,3004,OFF,1
0:14:42,880,60,24.6,230,923,2997,OFF,1
0:14:43,881,60,24.6,230,932,2987,OFF,1
0:14:44,882,60,24.6,230,933,2992,OFF,1
0:14:45,883,60,24.6,230,940,2965,OFF,1
0:14:46,884,60,24.6,230,913,2985,OFF,1
0:14:47,885,60,24.6,229,941,2982,OFF,1
0:14:48,886,60,24.6,230,939,2982,OFF,1
0:14:49,887,60,24.6,230,927,2938,OFF,1
0:14:50,888,60,24.6,230,920,2972,OFF,1
0:14:51,889,60,24.6,230,932,2933,OFF,1
0:14:52,890,60,24.6,230,940,2950,OFF,1
0:14:53,891,60,24.6,230,927,2953,OFF,1
0:14:54,892,60,24.6,231,931,2958,OFF,1
0:14:55,893,60,24.6,231,935,2943,OFF,1
0:14:56,894,60,24.6,232,946,2972,OFF,1
0:14:57,895,60,24.6,232,947,2975,OFF,1
0:14:58,896,60,24.6,232,940,2968,OFF,1
0:14:59,897,60,24.6,232,948,2953,OFF,1
0:15:00,898,60,24.6,231,936,2970,OFF,1
0:15:01,899,60,24.6,230,944,2955,OFF,1
0:15:02,900,60,24.6,229,949,2938,OFF,1
0:15:03,901,60,24.6,229,931,2923,OFF,1
0:15:04,902,60,24.6,228,953,2943,OFF,1
0:15:05,903,60,24.6,229,923,2943,OFF,1
0:15:06,904,60,24.6,229,930,2938,OFF,1
0:15:07,905,60,24.6,229,939,2938,OFF,1
0:15:08,906,60,24.6,230,935,2938,OFF,1
0:15:09,907,60,24.6,230,946,2955,OFF,1
0:15:10,908,59.9,24.6,230,931,2950,OFF,1
0:15:11,909,59.9,24.6,231,948,2941,OFF,1
0:15:12,910,59.9,24.6,231,945,2921,OFF,1
0:15:13,911,59.9,24.6,232,937,2972,OFF,1
0:15:14,912,59.9,24.6,232,931,2963,OFF,1
0:15:15,913,59.9,24.6,232,933,2960,OFF,1
0:15:16,914,59.9,24.6,231,937,2955,OFF,1
0:15:17,915,59.9,24.6,229,935,2943,OFF,1
0:15:18,916,59.9,24.6,230,937,2950,OFF,1
0:15:19,917,59.9,24.6,229,931,2970,OFF,1
0:15:20,918,59.9,24.6,229,935,3017,OFF,1
0:15:21,919,59.8,24.6,230,947,3002,OFF,1
0:15:22,920,59.8,24.6,230,957,3046,OFF,1
0:15:23,921,59.8,24.6,230,954,3046,OFF,1
0:15:24,922,59.8,24.6,230,959,3161,OFF,1
0:15:25,923,59.8,24.6,231,975,3120,OFF,1
0:15:26,924,59.8,24.6,232,987,3152,OFF,1
0:15:27,925,59.8,24.6,232,995,3206,OFF,1
0:15:28,926,59.8,24.6,232,992,3208,OFF,1
0:15:29,927,59.8,24.6,232,1020,3277,OFF,1
0:15:30,928,59.8,24.6,232,1026,3336,OFF,1
0:15:31,929,59.8,24.6,232,1022,3331,OFF,1
0:15:32,930,59.8,24.6,232,1027,3426,OFF,1
0:15:33,931,59.9,24.7,232,1069,3498,OFF,1
0:15:34,932,59.9,24.7,232,1065,3566,OFF,1
0:15:35,933,59.8,24.6,232,1094,3606,OFF,1
0:15:36,934,59.8,24.6,232,1118,3591,OFF,1
0:15:37,935,59.8,24.6,232,1122,3586,OFF,1
0:15:38,936,59.8,24.6,232,1120,3623,OFF,1
0:15:39,937,59.8,24.6,233,1132,3628,OFF,1
0:15:40,938,59.8,24.6,233,1143,3637,OFF,1
0:15:41,939,59.8,24.6,234,1144,3662,OFF,1
0:15:42,940,59.8,24.6,234,1130,3628,OFF,1
0:15:43,941,59.8,24.6,234,1149,3669,OFF,1
0:15:44,942,59.8,24.6,235,1157,3674,OFF,1
0:15:45,943,59.9,24.7,236,1152,3691,OFF,1
0:15:46,944,59.9,24.7,236,1154,3701,OFF,1
0:15:47,945,59.8,24.6,237,1187,3807,OFF,1
0:15:48,946,59.8,24.6,237,1183,3814,OFF,1
0:15:49,947,59.8,24.6,237,1194,3910,OFF,1
0:15:50,948,59.8,24.6,237,1204,3966,OFF,1
0:15:51,949,59.8,24.6,237,1230,4045,OFF,1
0:15:52,950,59.8,24.6,238,1245,4067,OFF,1
0:15:53,951,59.8,24.6,238,1274,4084,OFF,1
0:15:54,952,59.8,24.6,238,1247,4047,OFF,1
0:15:55,953,59.8,24.6,238,1252,4033,OFF,1
0:15:56,954,59.8,24.6,239,1249,4028,OFF,1
0:15:57,955,59.8,24.6,240,1240,4015,OFF,1
0:15:58,956,59.8,24.6,241,1238,4040,OFF,1
0:15:59,957,59.8,24.6,243,1247,4143,OFF,1
0:16:00,958,59.8,24.6,244,1263,4241,OFF,1
0:16:01,959,59.8,24.6,244,1292,4349,OFF,1
0:16:02,960,59.8,24.6,245,1314,4428,OFF,1
0:16:03,961,59.8,24.6,246,1386,4550,OFF,1
0:16:04,962,59.8,24.6,247,1351,4565,OFF,1
0:16:05,963,59.8,24.6,247,1432,4585,OFF,1
0:16:06,964,59.8,24.7,247,1436,4550,OFF,1
0:16:07,965,59.8,24.7,248,1425,4536,OFF,1
0:16:08,966,59.8,24.7,248,1466,4585,OFF,1
0:16:09,967,59.8,24.7,248,1448,4567,OFF,1
0:16:10,968,59.8,24.7,248,1464,4587,OFF,1
0:16:11,969,59.8,24.7,248,1485,4558,OFF,1
0:16:12,970,59.7,24.6,248,1459,4567,OFF,1
0:16:13,971,59.7,24.6,248,1434,4533,OFF,1
0:16:14,972,59.8,24.7,248,1464,4567,OFF,1
0:16:15,973,59.8,24.7,249,1466,4540,OFF,1
0:16:16,974,59.8,24.7,248,1443,4516,OFF,1
0:16:17,975,59.8,24.7,248,1482,4558,OFF,1
0:16:18,976,59.7,24.6,249,1476,4548,OFF,1
0:16:19,977,59.7,24.6,249,1446,4550,OFF,1
0:16:20,978,59.7,24.7,249,1469,4550,OFF,1
0:16:21,979,59.7,24.7,249,1480,4516,OFF,1
0:16:22,980,59.7,24.6,249,1494,4572,OFF,1
0:16:23,981,59.7,24.6,249,1499,4521,OFF,1
0:16:24,982,59.7,24.6,249,1480,4509,OFF,1
0:16:25,983,59.7,24.6,250,1462,4523,OFF,1
0:16:26,984,59.7,24.7,249,1469,4501,OFF,1
0:16:27,985,59.7,24.7,250,1434,4491,OFF,1
0:16:28,986,59.7,24.7,250,1469,4511,OFF,1
0:16:29,987,59.7,24.7,250,1492,4504,OFF,1
0:16:30,988,59.7,24.7,251,1469,4506,OFF,1
0:16:31,989,59.7,24.7,250,1496,4496,OFF,1
0:16:32,990,59.7,24.6,251,1499,4516,OFF,1
0:16:33,991,59.7,24.6,251,1480,4494,OFF,1
0:16:34,992,59.7,24.6,251,1492,4555,OFF,1
0:16:35,993,59.7,24.6,251,1494,4491,OFF,1
0:16:36,994,59.7,24.6,251,1466,4469,OFF,1
0:16:37,995,59.7,24.6,251,1480,4432,OFF,1
0:16:38,996,59.7,24.6,251,1492,4474,OFF,1
0:16:39,997,59.7,24.6,251,1478,4455,OFF,1
0:16:40,998,59.7,24.6,251,1494,4511,OFF,1
0:16:41,999,59.7,24.6,250,1489,4504,OFF,1
0:16:42,1000,59.7,24.6,250,1501,4479,OFF,1
0:16:43,1001,59.7,24.6,251,1515,4501,OFF,1
0:16:44,1002,59.7,24.6,251,1510,4526,OFF,1
0:16:45,1003,59.7,24.6,251,1496,4489,OFF,1
0:16:46,1004,59.7,24.6,251,1508,4506,OFF,1
0:16:47,1005,59.7,24.6,251,1524,4533,OFF,1
0:16:48,1006,59.7,24.6,251,1496,4540,OFF,1
0:16:49,1007,59.7,24.6,251,1510,4533,OFF,1
0:16:50,1008,59.7,24.6,251,1547,4518,OFF,1
0:16:51,1009,59.7,24.6,251,1512,4504,OFF,1
0:16:52,1010,59.7,24.6,252,1499,4494,OFF,1
0:16:53,1011,59.8,24.7,252,1496,4496,OFF,1
0:16:54,1012,59.8,24.7,253,1473,4452,OFF,1
0:16:55,1013,59.8,24.7,252,1450,4459,OFF,1
0:16:56,1014,59.8,24.7,253,1471,4452,OFF,1
0:16:57,1015,59.8,24.7,252,1487,4479,OFF,1
0:16:58,1016,59.8,24.7,253,1452,4489,OFF,1
0:16:59,1017,59.8,24.7,252,1459,4479,OFF,1
0:17:00,1018,59.8,24.7,253,1452,4528,OFF,1
0:17:01,1019,59.7,24.6,252,1499,4585,OFF,1
0:17:02,1020,59.7,24.6,253,1485,4612,OFF,1
0:17:03,1021,59.7,24.6,253,1515,4634,OFF,1
0:17:04,1022,59.7,24.6,253,1512,4648,OFF,1
0:17:05,1023,59.8,24.7,253,1517,4629,OFF,1
0:17:06,1024,59.8,24.7,253,1542,4641,OFF,1
0:17:07,1025,59.7,24.6,254,1501,4612,OFF,1
0:17:08,1026,59.7,24.6,254,1506,4621,OFF,1
0:17:09,1027,59.8,24.7,254,1489,4607,OFF,1
0:17:11,1028,59.8,24.7,254,1517,4616,OFF,1
0:17:12,1029,59.8,24.7,254,1473,4621,OFF,1
0:17:13,1030,59.8,24.7,254,1508,4661,OFF,1
0:17:14,1031,59.8,24.7,254,1492,4651,OFF,1
0:17:15,1032,59.8,24.7,254,1517,4663,OFF,1
0:17:16,1033,59.8,24.7,251,1494,4621,OFF,1
0:17:17,1034,59.8,24.7,251,1482,4558,OFF,1
0:17:18,1035,59.8,24.7,250,1459,4317,OFF,1
0:17:19,1036,59.8,24.7,250,1450,4263,OFF,1
0:17:20,1037,59.8,24.7,251,1457,4177,OFF,1
0:17:21,1038,59.8,24.7,251,1422,4199,OFF,1
0:17:22,1039,59.7,24.7,250,1432,4263,OFF,1
0:17:23,1040,59.7,24.7,250,1383,4293,OFF,1
0:17:24,1041,59.7,24.7,250,1397,4261,OFF,1
0:17:25,1042,59.7,24.7,250,1416,4263,OFF,1
0:17:26,1043,59.7,24.7,250,1425,4285,OFF,1
0:17:27,1044,59.7,24.7,249,1404,4293,OFF,1
0:17:28,1045,59.6,24.7,248,1436,4256,OFF,1
0:17:29,1046,59.6,24.7,248,1420,4197,OFF,1
0:17:30,1047,59.6,24.7,247,1406,4170,OFF,1
0:17:31,1048,59.6,24.7,246,1379,4148,OFF,1
0:17:32,1049,59.6,24.7,246,1365,4104,OFF,1
0:17:33,1050,59.6,24.7,246,1351,4123,OFF,1
0:17:34,1051,59.6,24.7,245,1356,4136,OFF,1
0:17:35,1052,59.6,24.7,245,1374,4094,OFF,1
0:17:36,1053,59.6,24.7,244,1372,4077,OFF,1
0:17:37,1054,59.5,24.7,244,1342,4067,OFF,1
0:17:38,1055,59.5,24.7,244,1360,3996,OFF,1
0:17:39,1056,59.5,24.7,244,1327,3956,OFF,1
0:17:40,1057,59.5,24.7,243,1327,3986,OFF,1
0:17:41,1058,59.5,24.7,243,1326,3949,OFF,1
0:17:42,1059,59.5,24.7,243,1329,3991,OFF,1
0:17:43,1060,59.5,24.7,243,1319,3971,OFF,1
0:17:44,1061,59.5,24.7,242,1323,3993,OFF,1
0:17:45,1062,59.5,24.7,243,1319,3981,OFF,1
0:17:46,1063,59.5,24.7,243,1320,4010,OFF,1
0:17:47,1064,59.6,24.7,244,1315,4037,OFF,1
0:17:48,1065,59.6,24.7,244,1331,4030,OFF,1
0:17:49,1066,59.6,24.7,244,1318,4067,OFF,1
0:17:50,1067,59.6,24.7,244,1319,4091,OFF,1
0:17:51,1068,59.7,24.7,245,1336,4089,OFF,1
0:17:52,1069,59.7,24.7,245,1329,4091,OFF,1
0:17:53,1070,59.7,24.7,245,1337,4123,OFF,1
0:17:54,1071,59.7,24.7,245,1356,4123,OFF,1
0:17:55,1072,59.7,24.7,246,1327,4101,OFF,1
0:17:56,1073,59.7,24.7,246,1331,4140,OFF,1
0:17:57,1074,59.7,24.7,246,1337,4104,OFF,1
0:17:58,1075,59.7,24.7,246,1328,4131,OFF,1
0:17:59,1076,59.7,24.7,246,1346,4091,OFF,1
0:18:00,1077,59.7,24.7,246,1351,4109,OFF,1
0:18:01,1078,59.7,24.7,246,1315,4131,OFF,1
0:18:02,1079,59.7,24.7,246,1329,4133,OFF,1
0:18:03,1080,59.7,24.7,246,1334,4140,OFF,1
0:18:04,1081,59.7,24.7,245,1332,4101,OFF,1
0:18:05,1082,59.8,24.7,246,1321,4111,OFF,1
0:18:06,1083,59.8,24.7,247,1335,4138,OFF,1
0:18:07,1084,59.8,24.7,246,1334,4150,OFF,1
0:18:08,1085,59.8,24.7,247,1342,4136,OFF,1
0:18:09,1086,59.8,24.7,248,1334,4214,OFF,1
0:18:10,1087,59.8,24.7,248,1374,4239,OFF,1
0:18:11,1088,59.8,24.7,249,1335,4273,OFF,1
0:18:12,1089,59.8,24.7,250,1349,4342,OFF,1
0:18:13,1090,59.8,24.7,250,1402,4418,OFF,1
0:18:14,1091,59.7,24.7,251,1409,4430,OFF,1
0:18:15,1092,59.7,24.7,251,1471,4469,OFF,1
0:18:16,1093,59.7,24.7,252,1441,4491,OFF,1
0:18:17,1094,59.7,24.7,252,1487,4563,OFF,1
0:18:18,1095,59.7,24.7,253,1480,4621,OFF,1
0:18:19,1096,59.7,24.7,253,1480,4653,OFF,1
0:18:20,1097,59.7,24.7,254,1506,4673,OFF,1
0:18:21,1098,59.7,24.7,254,1554,4722,OFF,1
0:18:22,1099,59.7,24.7,254,1570,4798,OFF,1
0:18:23,1100,59.7,24.7,254,1584,4769,OFF,1
0:18:24,1101,59.7,24.7,254,1616,4808,OFF,1
0:18:25,1102,59.7,24.7,254,1649,4783,OFF,1
0:18:26,1103,59.7,24.7,254,1658,4798,OFF,1
0:18:27,1104,59.7,24.7,254,1609,4803,OFF,1
0:18:28,1105,59.7,24.7,255,1672,4783,OFF,1
0:18:29,1106,59.7,24.7,255,1635,4751,OFF,1
0:18:30,1107,59.7,24.7,255,1681,4754,OFF,1
0:18:31,1108,59.7,24.7,256,1619,4720,OFF,1
0:18:32,1109,59.7,24.7,257,1660,4717,OFF,1
0:18:33,1110,59.7,24.7,257,1637,4700,OFF,1
0:18:34,1111,59.6,24.7,257,1637,4737,OFF,1
0:18:35,1112,59.6,24.7,258,1635,4737,OFF,1
0:18:36,1113,59.6,24.7,259,1653,4859,OFF,1
0:18:37,1114,59.6,24.7,259,1683,4859,OFF,1
0:18:38,1115,59.6,24.7,260,1720,4901,OFF,1
0:18:39,1116,59.6,24.7,260,1739,4940,OFF,1
0:18:40,1117,59.6,24.7,261,1734,5076,OFF,1
0:18:41,1118,59.6,24.7,261,1769,5157,OFF,1
0:18:42,1119,59.6,24.7,262,1787,5232,OFF,1
0:18:43,1120,59.6,24.7,262,1801,5371,OFF,1
0:18:44,1121,59.6,24.7,262,1810,5371,OFF,1
0:18:45,1122,59.6,24.7,263,1845,5435,OFF,1
0:18:46,1123,59.6,24.7,263,1838,5470,OFF,1
0:18:47,1124,59.6,24.7,263,1891,5516,OFF,1
0:18:48,1125,59.5,24.7,263,1893,5493,OFF,1
0:18:49,1126,59.5,24.7,264,1861,5412,OFF,1
0:18:50,1127,59.5,24.7,264,1889,5447,OFF,1
0:18:51,1128,59.5,24.7,264,1893,5481,OFF,1
0:18:52,1129,59.5,24.7,264,1928,5551,OFF,1
0:18:53,1130,59.5,24.7,264,1896,5545,OFF,1
0:18:54,1131,59.5,24.7,264,1926,5574,OFF,1
0:18:55,1132,59.6,24.7,264,1916,5533,OFF,1
0:18:56,1133,59.6,24.7,264,1903,5458,OFF,1
0:18:57,1134,59.6,24.7,265,1921,5539,OFF,1
0:18:58,1135,59.6,24.7,264,1937,5487,OFF,1
0:18:59,1136,59.6,24.7,265,1923,5394,OFF,1
0:19:00,1137,59.6,24.7,265,1907,5371,OFF,1
0:19:01,1138,59.6,24.7,265,1898,5313,OFF,1
0:19:02,1139,59.6,24.7,265,1900,5192,OFF,1
0:19:03,1140,59.6,24.7,266,1870,5058,OFF,1
0:19:04,1141,59.6,24.7,265,1836,4940,OFF,1
0:19:05,1142,59.6,24.7,266,1824,5018,OFF,1
0:19:06,1143,59.6,24.7,266,1822,4943,OFF,1
0:19:07,1144,59.6,24.7,266,1801,4983,OFF,1
0:19:08,1145,59.6,24.7,266,1803,5058,OFF,1
0:19:09,1146,59.6,24.7,266,1813,5087,OFF,1
0:19:10,1147,59.6,24.7,266,1831,5197,OFF,1
0:19:11,1148,59.6,24.7,266,1833,5157,OFF,1
0:19:12,1149,59.6,24.7,266,1815,5302,OFF,1
0:19:13,1150,59.6,24.7,267,1863,5354,OFF,1
0:19:14,1151,59.6,24.7,267,1856,5325,OFF,1
0:19:15,1152,59.6,24.7,267,1898,5394,OFF,1
0:19:16,1153,59.6,24.7,267,1873,5533,OFF,1
0:19:17,1154,59.6,24.7,267,1903,5504,OFF,1
0:19:18,1155,59.6,24.7,267,1914,5557,OFF,1
0:19:19,1156,59.6,24.7,268,1926,5504,OFF,1
0:19:20,1157,59.6,24.7,268,1942,5528,OFF,1
0:19:21,1158,59.6,24.7,268,1928,5655,OFF,1
0:19:22,1159,59.6,24.7,268,1983,5620,OFF,1
0:19:23,1160,59.6,24.7,269,1976,5696,OFF,1
0:19:24,1161,59.6,24.7,269,1953,5643,OFF,1
0:19:25,1162,59.6,24.8,270,1923,5684,OFF,1
0:19:26,1163,59.6,24.8,269,1976,5719,OFF,1
0:19:27,1164,59.6,24.7,270,1970,5707,OFF,1
0:19:28,1165,59.6,24.7,270,1990,5696,OFF,1
0:19:29,1166,59.6,24.7,271,1983,5690,OFF,1
0:19:30,1167,59.6,24.7,271,1997,5782,OFF,1
0:19:31,1168,59.5,24.7,271,1965,5753,OFF,1
0:19:32,1169,59.5,24.7,272,1970,5742,OFF,1
0:19:33,1170,59.5,24.7,272,1965,5939,OFF,1
0:19:34,1171,59.5,24.7,272,1997,5904,OFF,1
0:19:35,1172,59.5,24.7,272,2016,5869,OFF,1
0:19:36,1173,59.5,24.7,272,2025,5945,OFF,1
0:19:37,1174,59.5,24.7,273,2050,5950,OFF,1
0:19:38,1175,59.5,24.7,273,2034,5898,OFF,1
0:19:39,1176,59.5,24.7,274,2032,5898,OFF,1
0:19:40,1177,59.5,24.7,274,2046,5892,OFF,1
0:19:41,1178,59.5,24.7,275,2039,5858,OFF,1
0:19:42,1179,59.5,24.7,275,2032,5921,OFF,1
0:19:43,1180,59.5,24.7,275,2034,5956,OFF,1
0:19:44,1181,59.5,24.7,274,2009,5979,OFF,1
0:19:45,1182,59.6,24.8,274,2030,5956,OFF,1
0:19:46,1183,59.6,24.8,275,2046,6066,OFF,2
0:19:47,1184,59.6,24.8,274,2078,6101,OFF,2
0:19:48,1185,59.6,24.8,274,2080,6159,OFF,2
0:19:49,1186,59.6,24.8,274,2080,6286,OFF,2
0:19:50,1187,59.6,24.8,274,2071,6298,OFF,2
0:19:51,1188,59.6,24.8,274,2140,6373,OFF,2
0:19:52,1189,59.6,24.7,274,2173,6408,OFF,2
0:19:53,1190,59.6,24.7,274,2154,6460,OFF,2
0:19:54,1191,59.6,24.7,274,2180,6530,OFF,2
0:19:55,1192,59.6,24.7,274,2175,6535,OFF,2
0:19:56,1193,59.6,24.7,274,2177,6472,OFF,2
0:19:57,1194,59.6,24.7,274,2203,6443,OFF,2
0:19:58,1195,59.6,24.7,273,2228,6431,OFF,2
0:19:59,1196,59.6,24.7,273,2198,6414,OFF,2
0:20:00,1197,59.5,24.7,274,2189,6298,OFF,2
0:20:01,1198,59.5,24.7,274,2182,6269,OFF,2
0:20:02,1199,59.6,24.7,274,2173,6373,OFF,2
0:20:03,1200,59.6,24.7,274,2163,6321,OFF,2
0:20:04,1201,59.6,24.7,274,2191,6448,OFF,2
0:20:05,1202,59.6,24.7,274,2198,6402,OFF,2
0:20:06,1203,59.6,24.8,274,2191,6321,OFF,2
0:20:07,1204,59.6,24.8,274,2157,6362,OFF,2
0:20:08,1205,59.6,24.7,275,2203,6338,OFF,2
0:20:09,1206,59.6,24.7,275,2154,6292,OFF,2
0:20:10,1207,59.6,24.7,275,2224,6431,OFF,2
0:20:11,1208,59.6,24.7,275,2182,6362,OFF,2
0:20:12,1209,59.6,24.7,275,2189,6292,OFF,2
0:20:13,1210,59.6,24.7,275,2163,6356,OFF,2
0:20:14,1211,59.6,24.7,275,2161,6315,OFF,2
0:20:15,1212,59.6,24.7,274,2198,6257,OFF,2
0:20:16,1213,59.6,24.7,275,2193,6263,OFF,2
0:20:17,1214,59.6,24.7,275,2157,6304,OFF,2
0:20:18,1215,59.6,24.7,274,2145,6350,OFF,2
0:20:19,1216,59.6,24.7,274,2150,6263,OFF,2
0:20:20,1217,59.6,24.7,274,2157,6280,OFF,2
0:20:21,1218,59.6,24.7,274,2163,6240,OFF,2
0:20:22,1219,59.6,24.7,274,2168,6356,ON,2
0:20:23,1220,59.6,24.7,274,2189,6414,ON,2
0:20:24,1221,59.6,24.7,274,2203,6379,ON,2
0:20:25,1222,59.6,24.7,274,2187,6547,ON,2
0:20:26,1223,59.6,24.7,274,2180,6396,ON,2
0:20:27,1224,59.6,24.7,273,2198,6391,ON,2
0:20:28,1225,59.6,24.7,274,2184,6425,ON,2
0:20:29,1226,59.6,24.7,273,2228,6373,ON,2
0:20:30,1227,59.6,24.7,273,2203,6431,ON,2
0:20:31,1228,59.6,24.7,273,2226,6385,ON,2
0:20:32,1229,59.6,24.7,273,2193,6454,ON,2
0:20:33,1230,59.6,24.7,273,2226,6518,ON,2
0:20:34,1231,59.6,24.7,274,2226,6431,ON,2
0:20:35,1232,59.6,24.7,273,2224,6408,ON,2
0:20:36,1233,59.6,24.7,274,2240,6408,ON,2
0:20:37,1234,59.6,24.7,274,2249,6437,ON,2
0:20:38,1235,59.6,24.7,274,2263,6431,ON,2
0:20:39,1236,59.6,24.7,274,2251,6437,ON,2
0:20:40,1237,59.6,24.7,273,2242,6431,ON,2
0:20:41,1238,59.6,24.7,274,2258,6391,ON,2
0:20:42,1239,59.6,24.7,274,2254,6402,ON,2
0:20:43,1240,59.6,24.7,273,2226,6321,ON,2
0:20:44,1241,59.6,24.7,273,2272,6298,ON,2
0:20:45,1242,59.6,24.7,273,2265,6263,ON,2
0:20:46,1243,59.6,24.7,274,2251,6217,ON,2
0:20:47,1244,59.6,24.7,274,2256,6240,ON,2
0:20:48,1245,59.6,24.7,274,2251,6263,ON,2
0:20:49,1246,59.6,24.7,274,2228,6286,ON,2
0:20:50,1247,59.6,24.7,274,2256,6286,ON,2
0:20:51,1248,59.6,24.7,274,2251,6333,ON,2
0:20:52,1249,59.6,24.7,274,2244,6333,ON,2
0:20:53,1250,59.6,24.7,274,2258,6327,ON,2
0:20:54,1251,59.6,24.7,275,2240,6280,ON,2
0:20:55,1252,59.6,24.8,275,2297,6379,ON,2
0:20:56,1253,59.6,24.8,275,2233,6443,ON,2
0:20:57,1254,59.5,24.7,276,2267,6431,ON,2
0:20:58,1255,59.5,24.7,276,2300,6483,ON,2
0:20:59,1256,59.6,24.8,275,2272,6477,ON,2
0:21:00,1257,59.6,24.8,276,2251,6558,ON,2
0:21:01,1258,59.5,24.7,275,2286,6501,ON,2
0:21:02,1259,59.5,24.7,276,2311,6570,ON,2
0:21:03,1260,59.5,24.7,276,2293,6593,ON,2
0:21:04,1261,59.5,24.7,276,2323,6697,ON,2
0:21:05,1262,59.5,24.7,276,2281,6703,ON,2
0:21:06,1263,59.5,24.7,277,2300,6726,ON,2
0:21:07,1264,59.5,24.7,276,2339,6750,ON,2
0:21:08,1265,59.5,24.7,277,2357,6802,ON,2
0:21:09,1266,59.5,24.7,277,2344,6848,ON,2
0:21:10,1267,59.5,24.7,277,2376,6802,ON,2
0:21:11,1268,59.6,24.8,277,2350,6773,ON,2
0:21:12,1269,59.6,24.8,277,2383,6848,ON,2
0:21:13,1270,59.6,24.8,277,2334,6831,ON,2
0:21:14,1271,59.6,24.8,277,2355,6865,ON,2
0:21:15,1272,59.5,24.7,276,2339,6790,ON,2
0:21:16,1273,59.5,24.7,277,2369,6802,ON,2
0:21:17,1274,59.6,24.8,277,2364,6738,ON,2
0:21:18,1275,59.6,24.8,277,2374,6697,ON,2
0:21:19,1276,59.5,24.7,277,2360,6570,ON,2
0:21:20,1277,59.5,24.7,277,2339,6616,ON,2
0:21:21,1278,59.5,24.7,277,2350,6593,ON,2
0:21:22,1279,59.5,24.7,277,2339,6495,ON,2
0:21:23,1280,59.6,24.8,277,2364,6472,ON,2
0:21:24,1281,59.6,24.8,277,2314,6460,ON,2
0:21:25,1282,59.5,24.7,277,2323,6547,ON,2
0:21:26,1283,59.5,24.7,277,2364,6472,ON,2
0:21:27,1284,59.5,24.8,277,2330,6611,ON,2
0:21:28,1285,59.5,24.8,276,2314,6530,ON,2
0:21:29,1286,59.5,24.8,277,2318,6553,ON,2
0:21:30,1287,59.5,24.8,277,2346,6599,ON,2
0:21:31,1288,59.5,24.8,277,2323,6634,ON,2
0:21:32,1289,59.5,24.8,277,2357,6651,ON,2
0:21:33,1290,59.5,24.8,278,2357,6657,ON,2
0:21:34,1291,59.5,24.8,278,2362,6640,ON,2
0:21:35,1292,59.5,24.8,278,2367,6669,ON,2
0:21:36,1293,59.5,24.8,277,2346,6605,ON,2
0:21:37,1294,59.5,24.8,278,2378,6524,ON,2
0:21:38,1295,59.5,24.8,277,2357,6477,ON,2
0:21:39,1296,59.5,24.8,278,2323,6373,ON,2
0:21:40,1297,59.5,24.8,278,2350,6391,ON,2
0:21:41,1298,59.5,24.8,278,2284,6304,ON,2
0:21:42,1299,59.5,24.8,278,2302,6280,ON,2
0:21:43,1300,59.5,24.8,277,2270,6263,ON,2
0:21:44,1301,59.5,24.8,278,2270,6304,ON,2
0:21:45,1302,59.5,24.8,278,2277,6344,ON,2
0:21:46,1303,59.5,24.8,278,2309,6367,ON,2
0:21:47,1304,59.5,24.8,278,2307,6309,ON,2
0:21:48,1305,59.5,24.8,278,2290,6315,ON,2
0:21:49,1306,59.5,24.8,278,2270,6315,ON,2
0:21:50,1307,59.5,24.8,278,2281,6309,ON,2
0:21:51,1308,59.5,24.8,277,2311,6419,ON,2
0:21:52,1309,59.5,24.8,277,2302,6448,ON,2
0:21:53,1310,59.5,24.8,277,2348,6414,ON,2
0:21:54,1311,59.5,24.8,277,2304,6309,ON,2
0:21:55,1312,59.5,24.8,278,2323,6379,ON,2
0:21:56,1313,59.5,24.8,277,2353,6454,ON,2
0:21:57,1314,59.5,24.8,277,2341,6489,ON,2
0:21:58,1315,59.5,24.8,277,2376,6547,ON,2
0:21:59,1316,59.5,24.8,277,2394,6489,ON,2
0:22:00,1317,59.5,24.8,278,2390,6506,ON,2
0:22:01,1318,59.5,24.8,277,2404,6524,ON,2
0:22:02,1319,59.5,24.8,278,2401,6483,ON,2
0:22:03,1320,59.5,24.8,277,2390,6530,ON,2
0:22:04,1321,59.5,24.8,278,2410,6599,ON,2
0:22:05,1322,59.5,24.8,277,2404,6553,ON,2
0:22:06,1323,59.5,24.8,277,2417,6605,ON,2
0:22:07,1324,59.5,24.8,277,2424,6605,ON,2
0:22:08,1325,59.5,24.8,277,2417,6587,ON,2
0:22:09,1326,59.5,24.8,277,2420,6582,ON,2
0:22:10,1327,59.4,24.8,277,2413,6640,ON,2
0:22:11,1328,59.4,24.8,277,2385,6564,ON,2
0:22:12,1329,59.4,24.8,277,2413,6570,ON,2
0:22:13,1330,59.4,24.8,277,2415,6535,ON,2
0:22:14,1331,59.4,24.7,277,2422,6547,ON,2
0:22:15,1332,59.4,24.7,277,2415,6530,ON,2
0:22:16,1333,59.5,24.8,277,2429,6547,ON,2
0:22:17,1334,59.5,24.8,277,2385,6495,ON,2
0:22:18,1335,59.5,24.8,278,2374,6553,ON,2
0:22:19,1336,59.5,24.8,278,2387,6483,ON,2
0:22:20,1337,59.5,24.8,278,2394,6587,ON,2
0:22:21,1338,59.4,24.8,278,2385,6512,ON,2
0:22:22,1339,59.4,24.8,278,2417,6582,ON,2
0:22:23,1340,59.4,24.8,278,2387,6587,ON,2
0:22:24,1341,59.4,24.8,279,2383,6518,ON,2
0:22:25,1342,59.4,24.8,279,2401,6547,ON,2
0:22:26,1343,59.4,24.8,279,2399,6535,ON,2
0:22:27,1344,59.4,24.8,279,2378,6425,ON,2
0:22:28,1345,59.4,24.8,280,2374,6489,ON,2
0:22:29,1346,59.4,24.8,280,2397,6547,ON,2
0:22:30,1347,59.4,24.8,280,2392,6593,ON,2
0:22:31,1348,59.4,24.8,280,2394,6645,ON,2
0:22:32,1349,59.4,24.8,281,2445,6697,ON,2
0:22:33,1350,59.4,24.8,281,2482,6796,ON,2
0:22:34,1351,59.4,24.8,282,2482,6860,ON,2
0:22:35,1352,59.4,24.8,282,2464,6860,ON,2
0:22:36,1353,59.4,24.8,283,2468,6952,ON,2
0:22:37,1354,59.4,24.8,285,2473,7033,ON,2
0:22:38,1355,59.4,24.8,287,2526,7248,ON,2
0:22:40,1356,59.4,24.8,288,2572,7468,ON,2
0:22:41,1357,59.4,24.8,289,2609,7914,ON,2
0:22:42,1358,59.4,24.8,289,2694,8111,ON,2
0:22:43,1359,59.4,24.8,289,2759,8348,ON,2
0:22:44,1360,59.4,24.8,289,2787,8406,ON,2
0:22:45,1361,59.4,24.8,288,2851,8528,ON,2
0:22:46,1362,59.4,24.8,288,2877,8493,ON,2
0:22:47,1363,59.4,24.8,288,2900,8551,ON,2
0:22:48,1364,59.4,24.8,287,2888,8499,ON,2
0:22:49,1365,59.4,24.8,288,2893,8348,ON,2
0:22:50,1366,59.4,24.8,287,2895,8244,ON,2
0:22:51,1367,59.4,24.8,286,2886,8354,ON,2
0:22:52,1368,59.4,24.8,287,2884,8209,ON,2
0:22:53,1369,59.4,24.8,286,2918,8099,ON,2
0:22:54,1370,59.4,24.8,286,2856,8001,ON,2
0:22:55,1371,59.4,24.8,286,2914,7966,ON,2
0:22:56,1372,59.4,24.8,285,2870,7983,ON,2
0:22:57,1373,59.4,24.8,285,2870,7919,ON,2
0:22:58,1374,59.4,24.8,284,2898,7838,ON,2
0:22:59,1375,59.4,24.8,284,2902,7786,ON,2
0:23:00,1376,59.4,24.8,284,2854,7931,ON,2
0:23:01,1377,59.4,24.8,283,2875,7838,ON,2
0:23:02,1378,59.4,24.8,284,2868,7833,ON,2
0:23:03,1379,59.4,24.8,284,2861,7688,ON,2
0:23:04,1380,59.4,24.8,284,2851,7537,ON,2
0:23:05,1381,59.4,24.8,283,2787,7445,ON,2
0:23:06,1382,59.4,24.8,283,2789,7329,ON,2
0:23:07,1383,59.4,24.8,283,2782,7439,ON,2
0:23:08,1384,59.4,24.8,283,2787,7439,ON,2
0:23:09,1385,59.4,24.8,283,2775,7479,ON,2
0:23:10,1386,59.3,24.8,284,2831,7578,ON,2
0:23:11,1387,59.3,24.8,285,2824,7688,ON,2
0:23:12,1388,59.4,24.8,285,2831,7717,ON,2
0:23:13,1389,59.4,24.8,285,2854,7699,ON,2
0:23:14,1390,59.4,24.8,286,2808,7618,ON,2
0:23:15,1391,59.4,24.8,286,2803,7694,ON,2
0:23:16,1392,59.4,24.8,287,2849,7775,ON,2
0:23:17,1393,59.4,24.8,287,2817,7711,ON,2
0:23:18,1394,59.4,24.8,288,2833,7769,ON,2
0:23:19,1395,59.3,24.8,288,2824,7821,ON,2
0:23:20,1396,59.3,24.8,289,2856,7902,ON,2
0:23:21,1397,59.3,24.8,289,2856,7954,ON,2
0:23:22,1398,59.3,24.8,290,2900,8012,ON,2
0:23:23,1399,59.3,24.8,290,2849,7943,ON,2
0:23:24,1400,59.3,24.8,290,2840,7867,ON,2
0:23:25,1401,59.3,24.8,289,2854,7757,ON,2
0:23:26,1402,59.3,24.8,289,2787,7560,ON,2
0:23:27,1403,59.3,24.8,289,2778,7537,ON,2
0:23:28,1404,59.3,24.8,289,2764,7555,ON,2
0:23:29,1405,59.4,24.8,290,2784,7665,ON,2
0:23:30,1406,59.4,24.8,291,2787,7613,ON,2
0:23:31,1407,59.4,24.8,294,2757,7734,ON,2
0:23:32,1408,59.4,24.8,297,2784,7827,ON,2
0:23:33,1409,59.5,24.8,300,2875,8221,ON,2
0:23:34,1410,59.5,24.8,301,2881,8406,ON,2
0:23:35,1411,59.5,24.8,301,2932,8863,ON,2
0:23:36,1412,59.5,24.8,301,3031,9170,ON,2
0:23:37,1413,59.5,24.8,300,3108,9472,ON,2
0:23:38,1414,59.5,24.8,299,3173,9472,ON,2
0:23:39,1415,59.5,24.8,297,3334,9512,ON,2
0:23:40,1416,59.5,24.8,296,3354,9547,ON,2
0:23:41,1417,59.5,24.8,295,3404,9501,ON,2
0:23:42,1418,59.5,24.8,294,3394,9483,ON,2
0:23:43,1419,59.5,24.8,293,3419,9576,ON,2
0:23:44,1420,59.5,24.8,293,3459,9512,ON,2
0:23:45,1421,59.5,24.8,293,3449,9466,ON,2
0:23:46,1422,59.5,24.8,293,3469,9477,ON,2
0:23:47,1423,59.5,24.8,293,3494,9321,ON,2
0:23:48,1424,59.5,24.8,295,3459,9269,ON,2
0:23:49,1425,59.5,24.8,296,3379,9194,ON,2
0:23:50,1426,59.5,24.8,297,3389,9286,ON,2
0:23:51,1427,59.5,24.8,298,3444,9443,ON,2
0:23:52,1428,59.5,24.8,299,3459,9541,ON,2
0:23:53,1429,59.5,24.8,301,3635,9802,ON,2
0:23:54,1430,59.5,24.8,302,3655,9923,ON,2
0:23:55,1431,59.5,24.8,303,3785,10080,ON,2
0:23:56,1432,59.5,24.8,304,3785,10091,ON,2
0:23:57,1433,59.5,24.8,306,3921,10161,ON,2
0:23:58,1434,59.5,24.8,307,3870,10311,ON,2
0:23:59,1435,59.5,24.8,308,3961,10508,ON,2
0:24:00,1436,59.5,24.8,310,4011,10601,ON,2
0:24:01,1437,59.5,24.8,313,4131,10694,ON,2
0:24:02,1438,59.5,24.8,314,4227,10838,ON,2
0:24:03,1439,59.5,24.8,314,4292,11308,ON,2
0:24:04,1440,59.5,24.8,313,4502,11620,ON,2
0:24:05,1441,59.5,24.8,312,4718,12511,ON,2
0:24:06,1442,59.5,24.8,312,4713,12690,ON,2
0:24:07,1443,59.5,24.8,312,4843,12345,ON,2
0:24:08,1444,59.5,24.8,312,4808,12111,ON,2
0:24:09,1445,59.5,24.8,313,4813,11904,ON,2
0:24:10,1446,59.5,24.8,314,4873,11892,ON,2
0:24:11,1447,59.5,24.8,314,4863,11817,ON,2
0:24:12,1448,59.5,24.8,314,4838,11840,ON,2
0:24:13,1449,59.5,24.8,314,4833,11858,ON,2
0:24:14,1450,59.5,24.8,314,4893,11829,ON,2
0:24:15,1451,59.5,24.8,312,4853,11782,ON,2
0:24:16,1452,59.5,24.8,310,4878,11759,ON,2
0:24:17,1453,59.5,24.8,309,4823,11539,ON,2
0:24:18,1454,59.5,24.8,307,4798,11441,ON,2
0:24:19,1455,59.5,24.8,306,4698,11209,ON,2
0:24:20,1456,59.5,24.8,305,4683,10972,ON,2
0:24:21,1457,59.5,24.8,305,4552,10659,ON,2
0:24:22,1458,59.5,24.8,305,4457,10543,ON,2
0:24:23,1459,59.5,24.8,305,4397,10416,ON,2
0:24:24,1460,59.5,24.8,306,4292,10178,ON,2
0:24:25,1461,59.5,24.8,307,4201,10155,ON,2
0:24:26,1462,59.5,24.8,308,4161,10016,ON,2
0:24:27,1463,59.5,24.8,309,4191,10004,ON,2
0:24:28,1464,59.5,24.8,309,4141,10143,ON,2
0:24:29,1465,59.5,24.8,310,4221,10201,ON,2
0:24:30,1466,59.5,24.8,310,4227,10311,ON,2
0:24:31,1467,59.5,24.8,310,4307,10485,ON,2
0:24:32,1468,59.4,24.8,310,4462,10740,ON,2
0:24:33,1469,59.4,24.8,310,4357,10809,ON,2
0:24:34,1470,59.4,24.8,310,4522,10948,ON,2
0:24:35,1471,59.4,24.8,310,4562,10937,ON,2
0:24:36,1472,59.4,24.8,311,4497,11001,ON,2
0:24:37,1473,59.4,24.8,311,4583,11082,ON,2
0:24:38,1474,59.4,24.8,312,4532,11105,ON,2
0:24:39,1475,59.4,24.8,312,4613,11180,ON,2
0:24:40,1476,59.4,24.8,312,4773,11365,ON,2
0:24:41,1477,59.4,24.8,312,4693,11400,ON,2
0:24:42,1478,59.4,24.8,313,4843,11690,ON,2
0:24:43,1479,59.4,24.8,314,4899,11869,ON,2
0:24:44,1480,59.4,24.8,317,4999,12193,ON,2
0:24:45,1481,59.4,24.8,317,4994,12276,ON,2
0:24:46,1482,59.4,24.8,320,5114,12759,ON,2
0:24:47,1483,59.4,24.8,321,5164,13021,ON,2
0:24:48,1484,59.4,24.8,323,5345,13558,ON,2
0:24:49,1485,59.4,24.8,324,5320,13972,ON,2
0:24:50,1486,59.4,24.8,325,5435,14316,ON,2
0:24:51,1487,59.4,24.8,326,5470,14413,ON,2
0:24:52,1488,59.4,24.8,327,5455,14413,ON,2
0:24:53,1489,59.4,24.8,329,5445,14192,ON,2
0:24:54,1490,59.4,24.8,331,5435,14468,ON,2
0:24:55,1491,59.5,24.8,333,5490,15171,ON,2
0:24:56,1492,59.5,24.8,334,5781,16315,ON,2
0:24:57,1493,59.5,24.8,335,5746,16632,ON,2
0:24:58,1494,59.5,24.8,335,5927,17046,ON,2
0:24:59,1495,59.5,24.8,335,6047,17321,ON,2
0:25:00,1496,59.5,24.8,336,6077,17418,ON,2
0:25:01,1497,59.5,24.8,336,6047,17280,ON,2
0:25:02,1498,59.5,24.8,336,6102,17252,ON,2
0:25:03,1499,59.5,24.8,337,6072,17376,ON,2
0:25:04,1500,59.5,24.8,338,6097,17073,ON,2
0:25:05,1501,59.5,24.8,342,6122,17238,ON,2
0:25:06,1502,59.5,24.8,344,6157,17624,ON,2
0:25:07,1503,59.5,24.8,345,6443,19926,ON,2
0:25:08,1504,59.5,24.8,342,6558,20395,ON,2
0:25:09,1505,59.5,24.8,339,6784,20864,ON,2
0:25:10,1506,59.5,24.8,338,6814,20740,ON,2
0:25:11,1507,59.5,24.8,337,6734,19706,ON,2
0:25:12,1508,59.5,24.8,337,6744,19292,ON,2
0:25:13,1509,59.5,24.8,336,6724,19210,ON,2
0:25:14,1510,59.5,24.8,336,6724,19306,ON,2
0:25:15,1511,59.5,24.8,336,6674,19003,ON,2
0:25:16,1512,59.5,24.8,336,6679,19044,ON,2
0:25:17,1513,59.5,24.8,336,6729,18589,ON,2
0:25:18,1514,59.5,24.8,337,6604,18741,ON,2
0:25:19,1515,59.5,24.8,338,6599,18534,ON,2
0:25:20,1516,59.5,24.8,338,6654,18507,ON,2
0:25:21,1517,59.5,24.8,338,6634,18617,ON,2
0:25:22,1518,59.5,24.8,338,6604,18314,ON,2
0:25:23,1519,59.5,24.8,338,6674,18410,ON,2
0:25:24,1520,59.5,24.8,338,6599,18520,ON,2
0:25:25,1521,59.6,24.8,337,6674,18534,ON,2
0:25:26,1522,59.6,24.8,337,6664,18217,ON,2
0:25:27,1523,59.6,24.8,336,6629,18383,ON,2
0:25:28,1524,59.6,24.8,337,6659,18162,ON,2
0:25:29,1525,59.6,24.8,340,6674,18176,ON,2
0:25:30,1526,59.6,24.8,341,6609,17969,ON,2
0:25:31,1527,59.6,24.8,341,6654,18534,ON,2
0:25:32,1528,59.6,24.8,342,6684,18851,ON,2
0:25:33,1529,59.6,24.8,344,6804,19389,ON,2
0:25:34,1530,59.5,24.8,345,6970,19816,ON,2
0:25:35,1531,59.5,24.8,347,7050,21126,ON,2
0:25:36,1532,59.5,24.8,348,7261,21484,ON,2
0:25:37,1533,59.5,24.8,350,7633,21787,ON,2
0:25:38,1534,59.5,24.8,349,7655,21718,ON,2
0:25:39,1535,59.5,24.8,348,7757,22063,ON,2
0:25:40,1536,59.5,24.8,349,7914,22022,ON,2
0:25:41,1537,59.5,24.8,351,7734,21167,ON,2
0:25:42,1538,59.5,24.8,353,7509,21070,ON,2
0:25:43,1539,59.5,24.8,354,7757,21319,ON,2
0:25:44,1540,59.5,24.8,355,7971,22159,ON,2
0:25:45,1541,59.5,24.8,356,8004,22600,ON,2
0:25:46,1542,59.6,24.8,357,8094,23014,ON,2
0:25:47,1543,59.6,24.8,357,8387,22780,ON,2
0:25:48,1544,59.7,24.9,357,8319,23055,ON,2
0:25:49,1545,59.7,24.9,357,8297,22752,ON,2
0:25:50,1546,59.6,24.8,357,8421,23000,ON,2
0:25:51,1547,59.6,24.8,357,8319,22918,ON,2
0:25:52,1548,59.6,24.8,358,8511,22807,ON,2
0:25:53,1549,59.6,24.8,358,8511,22793,ON,2
0:25:54,1550,59.6,24.8,357,8590,23248,ON,2
0:25:55,1551,59.6,24.8,358,8646,23097,ON,2
0:25:56,1552,59.6,24.8,358,8590,22931,ON,2
0:25:57,1553,59.6,24.8,358,8578,22821,ON,2
0:25:58,1554,59.6,24.8,358,8443,22421,ON,2
0:25:59,1555,59.6,24.8,358,8522,22242,ON,2
0:26:00,1556,59.6,24.8,358,8196,21980,ON,2
0:26:01,1557,59.6,24.8,358,8274,21994,ON,2
0:26:02,1558,59.6,24.9,357,8218,21801,ON,2
0:26:03,1559,59.6,24.9,356,8229,21760,ON,2
0:26:04,1560,59.5,24.8,357,8128,21842,ON,2
0:26:05,1561,59.5,24.8,357,8218,21760,ON,2
0:26:06,1562,59.6,24.8,359,8319,21898,ON,2
0:26:07,1563,59.6,24.8,359,8319,21856,ON,2
0:26:08,1564,59.6,24.8,359,8229,22022,ON,2
0:26:09,1565,59.6,24.8,359,8274,22173,ON,2
0:26:10,1566,59.6,24.8,358,8477,22614,ON,2
0:26:11,1567,59.6,24.8,358,8387,22545,ON,2
0:26:12,1568,59.6,24.8,359,8443,22504,ON,2
0:26:13,1569,59.6,24.8,359,8635,22325,ON,2
0:26:14,1570,59.6,24.8,359,8533,22325,ON,2
0:26:15,1571,59.6,24.8,359,8578,22366,ON,2
0:26:16,1572,59.6,24.8,360,8545,22573,ON,2
0:26:17,1573,59.5,24.8,359,8556,22504,ON,2
0:26:18,1574,59.5,24.8,359,8623,22173,ON,2
0:26:19,1575,59.6,24.9,359,8533,22380,ON,2
0:26:20,1576,59.6,24.9,359,8488,22104,ON,2
0:26:21,1577,59.6,24.8,359,8511,21787,ON,2
0:26:22,1578,59.6,24.8,359,8455,21553,ON,2
0:26:23,1579,59.6,24.9,359,8342,21911,ON,2
0:26:24,1580,59.6,24.9,359,8477,21760,ON,2
0:26:25,1581,59.6,24.9,358,8421,21801,ON,2
0:26:26,1582,59.6,24.9,359,8488,22063,ON,2
0:26:27,1583,59.6,24.8,358,8410,22173,ON,2
0:26:28,1584,59.6,24.8,359,8488,22311,ON,2
0:26:29,1585,59.6,24.9,359,8657,21829,ON,2
0:26:30,1586,59.6,24.9,360,8623,22063,ON,2
0:26:31,1587,59.6,24.8,360,8657,22077,ON,2
0:26:32,1588,59.6,24.8,361,8500,22187,ON,2
0:26:33,1589,59.6,24.8,361,8702,22311,ON,2
0:26:34,1590,59.6,24.8,361,8747,22435,ON,2
0:26:35,1591,59.6,24.9,362,8725,22146,ON,2
0:26:36,1592,59.6,24.9,361,8804,22283,ON,2
0:26:37,1593,59.5,24.8,361,8668,22132,ON,2
0:26:38,1594,59.5,24.8,361,8635,21925,ON,2
0:26:39,1595,59.6,24.8,360,8770,21677,ON,2
0:26:40,1596,59.6,24.8,361,8635,21705,ON,2
0:26:41,1597,59.6,24.9,361,8567,21622,ON,2
0:26:42,1598,59.6,24.9,362,8590,21663,ON,2
0:26:43,1599,59.6,24.9,362,8713,21980,ON,2
0:26:44,1600,59.6,24.9,363,8646,21994,ON,2
0:26:45,1601,59.6,24.9,363,8736,22228,ON,2
0:26:46,1602,59.6,24.9,363,8849,22325,ON,2
0:26:47,1603,59.6,24.9,363,8860,22256,ON,2
0:26:48,1604,59.6,24.9,364,8927,22394,ON,2
0:26:49,1605,59.6,24.9,364,8972,22435,ON,2
0:26:50,1606,59.6,24.9,364,9141,22435,ON,2
0:26:51,1607,59.6,24.9,364,9029,22325,ON,2
0:26:52,1608,59.6,24.9,365,8939,22242,ON,2
0:26:53,1609,59.6,24.9,365,8995,22490,ON,2
0:26:54,1610,59.6,24.9,365,9040,22545,ON,2
0:26:55,1611,59.6,24.9,365,8995,22504,ON,2
0:26:56,1612,59.6,24.9,366,9051,22366,ON,2
0:26:57,1613,59.6,24.9,366,9017,22669,ON,2
0:26:58,1614,59.5,24.8,366,9085,22738,ON,2
0:26:59,1615,59.5,24.8,366,9152,22725,ON,2
0:27:00,1616,59.6,24.9,366,9141,22573,ON,2
0:27:01,1617,59.6,24.9,367,9209,22876,ON,2
0:27:02,1618,59.6,24.9,366,9231,22973,ON,2
0:27:03,1619,59.6,24.9,366,9276,23317,ON,2
0:27:04,1620,59.6,24.9,366,9265,23317,ON,2
0:27:05,1621,59.6,24.9,366,9299,23317,ON,2
0:27:06,1622,59.6,24.9,366,9254,23331,ON,2
0:27:07,1623,59.6,24.9,367,9265,23400,ON,2
0:27:08,1624,59.6,24.9,367,9456,23262,ON,2
0:27:09,1625,59.6,24.9,367,9299,23331,ON,2
0:27:10,1626,59.6,24.9,369,9400,23372,ON,2
0:27:11,1627,59.6,24.9,370,9321,23414,ON,2
0:27:12,1628,59.6,24.9,369,9243,23469,ON,2
0:27:13,1629,59.6,24.9,370,9479,23428,ON,2
0:27:14,1630,59.6,24.9,371,9411,23455,ON,2
0:27:15,1631,59.6,24.9,370,9580,23510,ON,2
0:27:16,1632,59.6,24.9,370,9479,23607,ON,2
0:27:18,1633,59.6,24.9,370,9490,23565,ON,2
0:27:18,1634,59.6,24.9,369,9434,23524,ON,2
0:27:19,1635,59.6,24.9,370,9445,23400,ON,2
0:27:20,1636,59.6,24.9,370,9456,23745,ON,2
0:27:21,1637,59.6,24.9,370,9659,23593,ON,2
0:27:22,1638,59.6,24.9,370,9490,23717,ON,2
0:27:23,1639,59.6,24.9,371,9693,23524,ON,2
0:27:24,1640,59.6,24.9,371,9727,23703,ON,2
0:27:25,1641,59.6,24.9,371,9693,23758,ON,2
0:27:26,1642,59.6,24.9,371,9693,23910,ON,2
0:27:27,1643,59.6,24.9,370,9625,23841,ON,2
0:27:28,1644,59.6,24.9,370,9772,24006,ON,2
0:27:29,1645,59.6,24.9,370,9693,23827,ON,2
0:27:30,1646,59.6,24.9,370,9760,23745,ON,2
0:27:31,1647,59.6,24.9,370,9760,23786,ON,2
0:27:32,1648,59.6,24.9,371,9817,23648,ON,2
0:27:33,1649,59.6,24.9,371,9828,23786,ON,2
0:27:34,1650,59.6,24.9,371,9682,23869,ON,2
0:27:35,1651,59.6,24.9,371,9727,23938,ON,2
0:27:36,1652,59.6,24.9,371,9862,23648,ON,2
0:27:37,1653,59.6,24.9,372,9907,23593,ON,2
0:27:38,1654,59.6,24.9,372,9817,23772,ON,2
0:27:39,1655,59.6,24.9,372,9783,24020,ON,2
0:27:40,1656,59.6,24.9,373,10019,24241,ON,2
0:27:41,1657,59.5,24.9,373,9952,23993,ON,2
0:27:42,1658,59.5,24.9,373,10019,24131,ON,2
0:27:43,1659,59.5,24.9,372,10064,24186,ON,2
0:27:44,1660,59.5,24.9,373,10075,24117,ON,2
0:27:45,1661,59.5,24.9,373,9907,24034,ON,2
0:27:46,1662,59.5,24.9,373,9760,23772,ON,2
0:27:47,1663,59.5,24.9,372,9884,23648,ON,2
0:27:48,1664,59.5,24.9,372,9873,23455,ON,2
0:27:49,1665,59.5,24.9,373,9997,23745,ON,2
0:27:50,1666,59.5,24.9,372,10008,23717,ON,2
0:27:51,1667,59.5,24.9,373,10098,23552,ON,2
0:27:52,1668,59.5,24.9,372,9974,23717,ON,2
0:27:53,1669,59.5,24.9,372,10019,23565,ON,2
0:27:54,1670,59.5,24.9,373,9805,23248,ON,2
0:27:55,1671,59.5,24.9,374,9862,23290,ON,2
0:27:56,1672,59.5,24.9,375,9839,23372,ON,2
0:27:57,1673,59.5,24.9,374,9704,23524,ON,2
0:27:58,1674,59.5,24.9,374,9850,23579,ON,2
0:27:59,1675,59.5,24.9,374,9940,23579,ON,2
0:28:00,1676,59.5,24.9,374,9895,23621,ON,2
0:28:01,1677,59.5,24.9,373,9974,23827,ON,2
0:28:02,1678,59.5,24.9,374,9895,23814,ON,2
0:28:03,1679,59.5,24.9,375,10008,23786,ON,2
0:28:04,1680,59.5,24.9,375,9997,23758,ON,2
0:28:05,1681,59.5,24.9,376,9940,24075,ON,2
0:28:06,1682,59.5,24.9,376,9985,23993,ON,2
0:28:07,1683,59.5,24.9,376,10008,23951,ON,2
0:28:08,1684,59.5,24.9,377,10030,23814,ON,2
0:28:09,1685,59.5,24.9,377,10075,24048,ON,2
0:28:10,1686,59.5,24.9,377,9929,24227,ON,2
0:28:11,1687,59.5,24.9,377,10087,24117,ON,2
0:28:12,1688,59.5,24.9,377,10132,24131,ON,2
0:28:13,1689,59.5,24.9,377,10177,24172,ON,2
0:28:14,1690,59.5,24.9,378,10030,24075,ON,2
0:28:15,1691,59.5,24.9,377,9985,24144,ON,2
0:28:16,1692,59.5,24.9,378,10143,24089,ON,2
0:28:18,1693,59.5,24.9,378,10087,23965,ON,2
0:28:19,1694,59.5,24.9,378,9873,23910,ON,2
0:28:20,1695,59.5,24.9,378,10042,23869,ON,2
0:28:21,1696,59.5,24.9,378,9985,23772,ON,2
0:28:22,1697,59.5,24.9,377,9907,23731,ON,2
0:28:23,1698,59.5,24.9,378,9940,23772,ON,2
0:28:24,1699,59.5,24.9,377,9828,23621,ON,2
0:28:25,1700,59.5,24.9,378,9862,23593,ON,2
0:28:26,1701,59.5,24.9,377,9805,23676,ON,2
0:28:27,1702,59.5,24.9,378,10053,23565,ON,2
0:28:28,1703,59.5,24.9,378,10019,23634,ON,2
0:28:29,1704,59.5,24.9,378,9940,23924,ON,2
0:28:30,1705,59.5,24.9,378,10087,24282,ON,2
0:28:31,1706,59.5,24.9,379,10008,24310,ON,2
0:28:32,1707,59.5,24.9,379,10121,24296,ON,2
0:28:33,1708,59.5,24.9,380,10087,24103,ON,2
0:28:34,1709,59.5,24.9,380,10098,24075,ON,2
0:28:35,1710,59.5,24.9,379,10166,24227,ON,2
0:28:36,1711,59.5,24.9,379,10166,24324,ON,2
0:28:37,1712,59.5,24.9,379,10053,24213,ON,2
0:28:38,1713,59.5,24.9,379,10075,23882,ON,2
0:28:39,1714,59.5,24.9,379,9963,23938,ON,2
0:28:40,1715,59.5,24.9,379,10121,23634,ON,2
0:28:41,1716,59.5,24.9,382,9997,23979,ON,2
0:28:42,1717,59.5,24.9,382,10030,24089,ON,2
0:28:43,1718,59.5,24.9,383,10121,24144,ON,2
0:28:44,1719,59.5,24.9,383,10064,23993,ON,2
0:28:45,1720,59.5,24.9,383,10357,24351,ON,2
0:28:46,1721,59.5,24.9,382,10267,24503,ON,2
0:28:47,1722,59.6,24.9,382,10211,24475,ON,2
0:28:48,1723,59.6,24.9,382,10211,24489,ON,2
0:28:49,1724,59.5,24.9,382,10199,24585,ON,2
0:28:50,1725,59.5,24.9,381,10177,24654,ON,2
0:28:51,1726,59.5,24.9,382,10132,24310,ON,2
0:28:52,1727,59.5,24.9,383,10211,24392,ON,2
0:28:53,1728,59.5,24.9,383,10222,24544,ON,2
0:28:54,1729,59.5,24.9,384,10503,24834,ON,2
0:28:55,1730,59.5,24.9,384,10503,24875,ON,2
0:28:56,1731,59.5,24.9,385,10391,25399,ON,2
0:28:57,1732,59.6,25,386,10323,25357,ON,2
0:28:58,1733,59.6,25,386,10650,25385,ON,2
0:28:59,1734,59.5,24.9,386,10514,25743,ON,2
0:29:00,1735,59.5,24.9,387,10526,25481,ON,2
0:29:01,1736,59.5,24.9,386,10661,25399,ON,2
0:29:02,1737,59.5,24.9,387,10751,25357,ON,2
0:29:03,1738,59.5,24.9,387,10548,25330,ON,2
0:29:04,1739,59.5,24.9,387,10706,25357,ON,2
0:29:05,1740,59.5,24.9,387,10514,25509,ON,2
0:29:06,1741,59.5,24.9,386,10773,25344,ON,2
0:29:07,1742,59.5,24.9,387,10605,25440,ON,2
0:29:08,1743,59.5,24.9,387,10740,25247,ON,2
0:29:09,1744,59.5,24.9,387,10593,25316,ON,2
0:29:10,1745,59.5,24.9,386,10695,25357,ON,2
0:29:11,1746,59.5,24.9,386,10526,25412,ON,2
0:29:12,1747,59.5,24.9,386,10582,25357,ON,2
0:29:13,1748,59.5,24.9,386,10458,25468,ON,2
0:29:14,1749,59.5,24.9,386,10627,25302,ON,2
0:29:15,1750,59.5,24.9,387,10616,25468,ON,2
0:29:16,1751,59.5,24.9,386,10571,25426,ON,2
0:29:17,1752,59.5,24.9,387,10695,25151,ON,2
0:29:18,1753,59.5,24.9,387,10706,25302,ON,2
0:29:19,1754,59.5,24.9,389,10796,25537,ON,2
0:29:20,1755,59.5,24.9,389,10650,25550,ON,2
0:29:21,1756,59.5,24.9,389,10695,25702,ON,2
0:29:22,1757,59.5,25,388,10818,25688,ON,2
0:29:23,1758,59.5,25,388,10751,25564,ON,2
0:29:24,1759,59.5,25,387,10841,25537,ON,2
0:29:25,1760,59.5,25,387,10807,25454,ON,2
0:29:26,1761,59.5,24.9,387,10751,25385,ON,2
0:29:27,1762,59.5,24.9,387,10863,25275,ON,2
0:29:28,1763,59.5,25,388,10627,25192,ON,2
0:29:29,1764,59.5,25,388,10683,25068,ON,2
0:29:30,1765,59.5,25,388,10683,25013,ON,2
0:29:31,1766,59.5,25,388,10773,25013,ON,2
0:29:32,1767,59.5,25,387,10616,25013,ON,2
0:29:33,1768,59.5,25,388,10751,25082,ON,2
0:29:34,1769,59.5,25,388,10740,24847,ON,2
0:29:35,1770,59.5,25,388,10638,24944,ON,2
0:29:36,1771,59.5,25,388,10661,24765,ON,2
0:29:37,1772,59.5,25,388,10605,24902,ON,2
0:29:38,1773,59.4,25,388,10661,24916,ON,2
0:29:39,1774,59.4,25,388,10717,24696,ON,2
0:29:40,1775,59.5,25,388,10661,24916,ON,2
0:29:41,1776,59.5,25,388,10503,24737,ON,2
0:29:42,1777,59.4,25,389,10593,24751,ON,2
0:29:43,1778,59.4,25,389,10706,24585,ON,2
0:29:44,1779,59.4,25,390,10740,24613,ON,2
0:29:45,1780,59.4,25,391,10571,24861,ON,2
0:29:46,1781,59.4,25,391,10751,24765,ON,2
0:29:47,1782,59.4,25,391,10785,24847,ON,2
0:29:48,1783,59.4,25,390,10672,24861,ON,2
0:29:49,1784,59.4,25,390,10830,25220,ON,2
0:29:50,1785,59.4,25,390,10897,25220,ON,2
0:29:51,1786,59.4,25,390,10661,25151,ON,2
0:29:52,1787,59.4,25,390,10807,25426,ON,2
0:29:53,1788,59.4,25,390,10830,25371,ON,2
0:29:54,1789,59.4,25,390,10796,25261,ON,2
0:29:55,1790,59.4,25,391,10717,25385,ON,2
0:29:56,1791,59.4,25,391,10785,25344,ON,2
0:29:57,1792,59.4,25,391,10830,25344,ON,2
0:29:58,1793,59.4,25,391,10830,25275,ON,2
0:29:59,1794,59.4,25,391,10762,25192,ON,2
0:30:00,1795,59.4,25,391,10830,25192,ON,2
0:30:01,1796,59.4,25,391,10751,25247,ON,2
0:30:02,1797,59.4,25,392,10728,25247,ON,2
0:30:03,1798,59.4,25,391,10740,25302,ON,2
0:30:04,1799,59.4,25,391,10740,25275,ON,2
0:30:05,1800,59.4,25,391,10785,25192,ON,2
0:30:06,1801,59.4,25,391,10852,25302,ON,2
0:30:07,1802,59.4,25,391,10818,25344,ON,2
0:30:08,1803,59.4,25,390,11010,25095,ON,2
0:30:09,1804,59.4,25,391,10751,25068,ON,2
0:30:10,1805,59.4,25,391,10830,25137,ON,2
0:30:11,1806,59.4,25,391,10818,25068,ON,2
0:30:12,1807,59.4,25,391,10728,24930,ON,2
0:30:13,1808,59.4,25,391,10627,24985,ON,2
0:30:14,1809,59.4,25,391,10773,24958,ON,2
0:30:15,1810,59.4,25,391,10785,24875,ON,2
0:30:16,1811,59.4,25,391,10762,24558,ON,2
0:30:17,1812,59.4,25,391,10920,24668,ON,2
0:30:18,1813,59.4,25,392,10661,24723,ON,2
0:30:19,1814,59.4,25,392,10740,24599,ON,2
0:30:20,1815,59.4,25,391,10717,24599,ON,2
0:30:21,1816,59.4,25,392,10807,24820,ON,2
0:30:22,1817,59.4,25,392,10807,24806,ON,2
0:30:23,1818,59.4,25,392,10807,24709,ON,2
0:30:24,1819,59.4,25,392,10863,24778,ON,2
0:30:25,1820,59.4,25,392,10773,24709,ON,2
0:30:26,1821,59.4,25,392,10886,24778,ON,2
0:30:27,1822,59.4,25,392,10852,24847,ON,2
0:30:28,1823,59.4,25,393,10908,25013,ON,2
0:30:29,1824,59.4,25,393,11077,25054,ON,2
0:30:30,1825,59.3,25,393,10886,24999,ON,2
0:30:31,1826,59.3,25,393,10942,25137,ON,2
0:30:32,1827,59.4,25,394,11021,25178,ON,2
0:30:33,1828,59.4,25,394,11066,25275,ON,2
0:30:34,1829,59.4,25,394,10931,25095,ON,2
0:30:35,1830,59.4,25,394,10908,25123,ON,2
0:30:36,1831,59.4,25,394,11021,25082,ON,2
0:30:37,1832,59.4,25,394,10897,25137,ON,2
0:30:38,1833,59.4,25,394,10976,25040,ON,2
0:30:39,1834,59.4,25,394,11010,24875,ON,2
0:30:40,1835,59.4,25,393,11100,25013,ON,2
0:30:41,1836,59.4,25,393,11010,24834,ON,2
0:30:42,1837,59.4,25,393,10897,24806,ON,2
0:30:43,1838,59.4,25,393,10987,24902,ON,2
0:30:44,1839,59.4,25,393,10875,24765,ON,2
0:30:45,1840,59.4,25,394,10976,24820,ON,2
0:30:46,1841,59.4,25,395,11032,24902,ON,2
0:30:47,1842,59.4,25,394,10953,24654,ON,2
0:30:48,1843,59.3,25,395,10740,24627,ON,2
0:30:49,1844,59.3,25,394,10931,24765,ON,2
0:30:50,1845,59.3,25,395,10796,24889,ON,2
0:30:51,1846,59.3,25,395,10841,24861,ON,2
0:30:52,1847,59.3,25,395,10852,24889,ON,2
0:30:53,1848,59.3,25,395,10886,25013,ON,2
0:30:54,1849,59.3,25,395,10875,24916,ON,2
0:30:55,1850,59.3,25,395,10863,24834,ON,2
0:30:56,1851,59.3,25,395,11100,25440,ON,2
0:30:57,1852,59.3,25,396,10953,25895,ON,2
0:30:58,1853,59.3,25,397,11280,25978,ON,2
0:30:59,1854,59.3,25,397,11212,26088,ON,2
0:31:00,1855,59.3,25,397,11336,26060,ON,2
0:31:01,1856,59.3,25,396,11269,26129,ON,2
0:31:02,1857,59.4,25,396,11257,25909,ON,2
0:31:03,1858,59.4,25,397,11212,25509,ON,2
0:31:04,1859,59.4,25,397,11201,25399,ON,2
0:31:05,1860,59.4,25,397,11212,25592,ON,2
0:31:06,1861,59.3,25,397,11066,25564,ON,2
0:31:07,1862,59.3,25,396,11224,25785,ON,2
0:31:08,1863,59.3,25,396,11269,25619,ON,2
0:31:09,1864,59.3,25,397,11347,25785,ON,2
0:31:10,1865,59.4,25,397,11134,25661,ON,2
0:31:11,1866,59.4,25,397,11224,25661,ON,2
0:31:12,1867,59.4,25,398,11325,25564,ON,2
0:31:13,1868,59.3,25,398,11404,25537,ON,2
0:31:14,1869,59.3,25,398,11494,25537,ON,2
0:31:15,1870,59.3,25,398,11269,25550,ON,2
0:31:16,1871,59.3,25,397,11156,25330,ON,2
0:31:17,1872,59.3,25,398,11347,25357,ON,2
0:31:18,1873,59.3,25,397,11021,25233,ON,2
0:31:19,1874,59.3,25,398,11201,25137,ON,2
0:31:20,1875,59.3,25,398,11190,25399,ON,2
0:31:21,1876,59.3,25,398,11032,25109,ON,2
0:31:22,1877,59.3,25,399,11280,25206,ON,2
0:31:23,1878,59.3,25,399,11190,25412,ON,2
0:31:24,1879,59.3,25,399,11122,25233,ON,2
0:31:25,1880,59.3,25,400,11122,25233,ON,2
0:31:26,1881,59.3,25,400,11325,25385,ON,2
0:31:27,1882,59.3,25,400,11325,25592,ON,2
0:31:28,1883,59.3,25,400,11224,25495,ON,2
0:31:29,1884,59.4,25,400,11426,25798,ON,2
0:31:30,1885,59.4,25,400,11438,25633,ON,2
0:31:31,1886,59.3,25,401,11415,25523,ON,2
0:31:32,1887,59.3,25,400,11381,25964,ON,2
0:31:33,1888,59.3,25,400,11269,25702,ON,2
0:31:34,1889,59.3,25,401,11314,25633,ON,2
0:31:35,1890,59.3,25,400,11269,25537,ON,2
0:31:36,1891,59.3,25,400,11370,25564,ON,2
0:31:37,1892,59.3,25,401,11347,25674,ON,2
0:31:38,1893,59.3,25,401,11415,25647,ON,2
0:31:39,1894,59.3,25,401,11314,25798,ON,2
0:31:40,1895,59.3,25,401,11483,25785,ON,2
0:31:41,1896,59.3,25,401,11550,25619,ON,2
0:31:42,1897,59.3,25,402,11449,25661,ON,2
0:31:43,1898,59.3,25,402,11449,25661,ON,2
0:31:44,1899,59.3,25,402,11494,25743,ON,2
0:31:45,1900,59.3,25,402,11426,25771,ON,2
0:31:46,1901,59.3,25,403,11719,25909,ON,2
0:31:47,1902,59.3,25,403,11483,25991,ON,2
0:31:48,1903,59.3,25,403,11438,25867,ON,2
0:31:49,1904,59.3,25,403,11415,26102,ON,2
0:31:50,1905,59.3,25,403,11505,26019,ON,2
0:31:51,1906,59.3,25,403,11539,25964,ON,2
0:31:52,1907,59.3,25,403,11528,26033,ON,2
0:31:53,1908,59.3,25,403,11584,25757,ON,2
0:31:54,1909,59.3,25,403,11595,25757,ON,2
0:31:55,1910,59.3,25,403,11494,25867,ON,2
0:31:56,1911,59.3,25,404,11775,25647,ON,2
0:31:57,1912,59.3,25,405,11573,25729,ON,2
0:31:58,1913,59.3,25,405,11573,26060,ON,2
0:31:59,1914,59.3,25,406,11573,26074,ON,2
0:32:00,1915,59.3,25,406,11618,26088,ON,2
0:32:01,1916,59.3,25,406,11674,26129,ON,2
0:32:02,1917,59.4,25.1,405,11528,26143,ON,2
0:32:03,1918,59.4,25.1,406,11618,25978,ON,2
0:32:04,1919,59.3,25,405,11606,25798,ON,2
0:32:05,1920,59.3,25,405,11561,25881,ON,2
0:32:06,1921,59.4,25.1,406,11573,25743,ON,2
0:32:07,1922,59.4,25.1,406,11325,25605,ON,2
0:32:08,1923,59.3,25,405,11494,25633,ON,2
0:32:09,1924,59.3,25,405,11516,25840,ON,2
0:32:10,1925,59.4,25.1,406,11606,25854,ON,2
0:32:11,1926,59.4,25.1,406,11404,25826,ON,2
0:32:12,1927,59.4,25.1,406,11449,25771,ON,2
0:32:13,1928,59.4,25.1,405,11426,25771,ON,2
0:32:14,1929,59.4,25.1,406,11438,26033,ON,2
0:32:15,1930,59.4,25.1,405,11584,26005,ON,2
0:32:16,1931,59.4,25.1,407,11449,25826,ON,2
0:32:17,1932,59.4,25.1,407,11606,25785,ON,2
0:32:18,1933,59.3,25,407,11606,25798,ON,2
0:32:19,1934,59.3,25,407,11404,25895,ON,2
0:32:20,1935,59.4,25.1,406,11336,25702,ON,2
0:32:21,1936,59.4,25.1,406,11370,25867,ON,2
0:32:22,1937,59.4,25.1,406,11426,26019,ON,2
0:32:23,1938,59.4,25.1,407,11471,25854,ON,2
0:32:24,1939,59.4,25.1,407,11584,25854,ON,2
0:32:25,1940,59.4,25.1,407,11584,25702,ON,2
0:32:26,1941,59.4,25.1,407,11595,25633,ON,2
0:32:27,1942,59.4,25.1,407,11539,25412,ON,2
0:32:28,1943,59.4,25.1,408,11595,25537,ON,2
0:32:29,1944,59.4,25.1,407,11483,25619,ON,2
0:32:30,1945,59.4,25.1,407,11516,25647,ON,2
0:32:31,1946,59.4,25.1,408,11516,25743,ON,2
0:32:32,1947,59.4,25.1,408,11505,25605,ON,2
0:32:33,1948,59.4,25.1,407,11449,25619,ON,2
0:32:34,1949,59.4,25.1,408,11595,25509,ON,2
0:32:35,1950,59.4,25.1,407,11471,25702,ON,2
0:32:36,1951,59.4,25.1,407,11438,25605,ON,2
0:32:37,1952,59.4,25.1,407,11629,25550,ON,2
0:32:38,1953,59.4,25.1,407,11505,25206,ON,2
0:32:39,1954,59.4,25.1,407,11449,25440,ON,2
0:32:40,1955,59.4,25.1,407,11539,25288,ON,2
0:32:41,1956,59.4,25.1,407,11505,25330,ON,2
0:32:42,1957,59.4,25.1,406,11516,25123,ON,2
0:32:43,1958,59.4,25.1,406,11404,25123,ON,2
0:32:44,1959,59.4,25.1,405,11257,25040,ON,2
0:32:45,1960,59.3,25.1,405,11561,25357,ON,2
0:32:46,1961,59.3,25.1,405,11404,25164,ON,2
0:32:47,1962,59.4,25.1,404,11426,24875,ON,2
0:32:48,1963,59.4,25.1,405,11460,24820,ON,2
0:32:49,1964,59.3,25.1,405,11347,24723,ON,2
0:32:50,1965,59.3,25.1,405,11449,24503,ON,2
0:32:51,1966,59.3,25.1,405,11325,24475,ON,2
0:32:52,1967,59.3,25.1,406,11426,24558,ON,2
0:32:53,1968,59.3,25.1,406,11449,24627,ON,2
0:32:54,1969,59.3,25.1,406,11291,24792,ON,2
0:32:55,1970,59.4,25.1,406,11347,24503,ON,2
0:32:56,1971,59.4,25.1,406,11280,24558,ON,2
0:32:57,1972,59.3,25.1,407,11438,24613,ON,2
0:32:58,1973,59.3,25.1,407,11280,24530,ON,2
0:32:59,1974,59.3,25.1,407,11393,24765,ON,2
0:33:00,1975,59.3,25.1,407,11302,24709,ON,2
0:33:01,1976,59.3,25.1,407,11404,24985,ON,2
0:33:02,1977,59.3,25.1,407,11573,25206,ON,2
0:33:03,1978,59.3,25.1,407,11359,25013,ON,2
0:33:04,1979,59.3,25.1,408,11404,25095,ON,2
0:33:05,1980,59.3,25.1,407,11471,24985,ON,2
0:33:06,1981,59.3,25.1,408,11460,25040,ON,2
0:33:07,1982,59.3,25.1,408,11336,25137,ON,2
0:33:08,1983,59.3,25.1,409,11460,25082,ON,2
0:33:09,1984,59.3,25.1,408,11347,24889,ON,2
0:33:10,1985,59.3,25.1,409,11528,25192,ON,2
0:33:11,1986,59.3,25.1,410,11561,25192,ON,2
0:33:12,1987,59.3,25.1,411,11359,25178,ON,2
0:33:13,1988,59.3,25.1,412,11516,25344,ON,2
0:33:14,1989,59.3,25.1,412,11651,25468,ON,2
0:33:15,1990,59.3,25.1,412,11606,25688,ON,2
0:33:16,1991,59.3,25.1,412,11753,25537,ON,2
0:33:17,1992,59.3,25.1,412,11708,25812,ON,2
0:33:18,1993,59.3,25.1,413,11764,25743,ON,2
0:33:19,1994,59.3,25.1,413,11685,25867,ON,2
0:33:20,1995,59.3,25.1,413,11708,25798,ON,2
0:33:21,1996,59.3,25.1,412,11753,25743,ON,2
0:33:22,1997,59.3,25.1,412,11629,25964,ON,2
0:33:23,1998,59.3,25.1,412,11730,25895,ON,2
0:33:24,1999,59.3,25.1,412,11786,25964,ON,2
0:33:25,2000,59.3,25.1,412,11922,25978,ON,2
0:33:26,2001,59.3,25.1,412,11899,25991,ON,2
0:33:27,2002,59.3,25.1,413,11764,25743,ON,2
0:33:28,2003,59.3,25.1,413,11967,26005,ON,2
0:33:29,2004,59.3,25.1,415,11955,26060,ON,2
0:33:30,2005,59.3,25.1,415,11888,25950,ON,2
0:33:31,2006,59.3,25.1,416,11865,25922,ON,2
0:33:32,2007,59.3,25.1,416,12034,25826,ON,2
0:33:33,2008,59.3,25.1,416,11910,25881,ON,2
0:33:34,2009,59.3,25.1,417,11944,25840,ON,2
0:33:35,2010,59.3,25.1,417,12068,26143,ON,2
0:33:36,2011,59.3,25.1,417,12000,26281,ON,2
0:33:37,2012,59.3,25.1,417,11933,26240,ON,2
0:33:38,2013,59.3,25.1,417,11854,26157,ON,2
0:33:39,2014,59.4,25.1,417,12102,26336,ON,2
0:33:40,2015,59.4,25.1,417,12090,26322,ON,2
0:33:41,2016,59.4,25.1,417,12034,26033,ON,2
0:33:42,2017,59.4,25.1,417,11944,26184,ON,2
0:33:44,2018,59.4,25.1,418,12102,26157,ON,2
0:33:44,2019,59.4,25.1,417,11922,26129,ON,2
0:33:46,2020,59.4,25.1,418,12045,26308,ON,2
0:33:47,2021,59.4,25.1,418,11922,26115,ON,2
0:33:48,2022,59.4,25.1,418,11944,26005,ON,2
0:33:49,2023,59.4,25.1,418,12057,26364,ON,2
0:33:50,2024,59.4,25.1,418,12023,26308,ON,2
0:33:51,2025,59.4,25.1,418,12023,26267,ON,2
0:33:52,2026,59.3,25.1,417,12090,26295,ON,2
0:33:53,2027,59.3,25.1,418,12023,26240,ON,2
0:33:54,2028,59.4,25.1,418,12045,26322,ON,2
0:33:55,2029,59.4,25.1,419,12079,26240,ON,2
0:33:56,2030,59.3,25.1,418,12034,26088,ON,2
0:33:57,2031,59.3,25.1,418,11854,25950,ON,2
0:33:58,2032,59.3,25.1,419,12124,26060,ON,2
0:33:59,2033,59.3,25.1,419,11708,25564,ON,2
0:34:00,2034,59.3,25.1,419,11888,25578,ON,2
0:34:01,2035,59.4,25.1,419,11899,25798,ON,2
0:34:02,2036,59.4,25.1,419,11764,25702,ON,2
0:34:03,2037,59.4,25.1,419,11910,25881,ON,2
0:34:04,2038,59.4,25.1,419,11854,25647,ON,2
0:34:05,2039,59.4,25.1,418,11831,25785,ON,2
0:34:06,2040,59.4,25.1,419,11877,25564,ON,2
0:34:07,2041,59.4,25.1,420,11955,25578,ON,2
0:34:08,2042,59.4,25.1,420,11798,25468,ON,2
0:34:09,2043,59.4,25.1,420,11798,25509,ON,2
0:34:10,2044,59.4,25.1,420,11922,25357,ON,2
0:34:11,2045,59.4,25.1,421,11843,25206,ON,2
0:34:12,2046,59.4,25.1,421,11719,25330,ON,2
0:34:13,2047,59.4,25.1,421,11820,25027,ON,2
0:34:14,2048,59.4,25.1,421,11651,25082,ON,2
0:34:15,2049,59.4,25.1,420,11753,24999,ON,2
0:34:16,2050,59.4,25.1,421,11831,25412,ON,2
0:34:17,2051,59.4,25.1,421,11899,25550,ON,2
0:34:18,2052,59.4,25.1,421,11910,25702,ON,2
0:34:19,2053,59.4,25.1,420,12000,25619,ON,2
0:34:20,2054,59.4,25.1,421,12012,26102,ON,2
0:34:21,2055,59.4,25.1,420,11978,26060,ON,2
0:34:22,2056,59.4,25.1,420,12102,25854,ON,2
0:34:23,2057,59.4,25.1,419,12079,25826,ON,2
0:34:24,2058,59.4,25.1,419,12079,26019,ON,2
0:34:25,2059,59.4,25.1,419,12079,25964,ON,2
0:34:26,2060,59.4,25.1,419,11967,25854,ON,2
0:34:27,2061,59.4,25.1,418,12057,25688,ON,2
0:34:28,2062,59.4,25.1,418,12034,25702,ON,2
0:34:29,2063,59.4,25.1,419,11955,25550,ON,2
0:34:30,2064,59.4,25.1,418,12034,25550,ON,2
0:34:31,2065,59.4,25.1,418,12000,25564,ON,2
0:34:32,2066,59.4,25.1,418,11933,25385,ON,2
0:34:33,2067,59.4,25.1,418,11843,25206,ON,2
0:34:34,2068,59.4,25.1,418,12000,25412,ON,2
0:34:35,2069,59.4,25.1,418,12023,25385,ON,2
0:34:36,2070,59.4,25.1,418,12012,25426,ON,2
0:34:37,2071,59.4,25.1,418,11843,25220,ON,2
0:34:38,2072,59.3,25.1,418,11877,25151,ON,2
0:34:39,2073,59.3,25.1,418,11967,25357,ON,2
0:34:40,2074,59.3,25.1,419,11854,24985,ON,2
0:34:41,2075,59.3,25.1,419,11865,25054,ON,2
0:34:42,2076,59.3,25.1,420,12034,25316,ON,2
0:34:43,2077,59.3,25.1,421,11888,25220,ON,2
0:34:44,2078,59.3,25.1,422,11910,25426,ON,2
0:34:45,2079,59.3,25.1,423,12113,25674,ON,2
0:34:46,2080,59.3,25.1,423,12124,25909,ON,2
0:34:47,2081,59.3,25.1,422,12282,26047,ON,2
0:34:48,2082,59.3,25.1,422,12304,26322,ON,2
0:34:49,2083,59.3,25.1,421,12383,26295,ON,2
0:34:50,2084,59.3,25.1,421,12552,26722,ON,2
0:34:51,2085,59.3,25.1,421,12529,26681,ON,2
0:34:52,2086,59.3,25.1,421,12563,26625,ON,2
0:34:53,2087,59.3,25.1,422,12709,26639,ON,2
0:34:54,2088,59.3,25.1,423,12541,26736,ON,2
0:34:55,2089,59.3,25.1,424,12507,26557,ON,2
0:34:56,2090,59.3,25.1,425,12428,26433,ON,2
0:34:57,2091,59.3,25.1,425,12484,26364,ON,2
0:34:58,2092,59.3,25.1,427,12372,26129,ON,2
0:34:59,2093,59.3,25.1,428,12428,26060,ON,2
0:35:00,2094,59.3,25.1,434,12428,26598,ON,2
0:35:01,2095,59.3,25.1,435,12619,26625,ON,2
0:35:02,2096,59.3,25.1,435,12563,27494,ON,2
0:35:03,2097,59.3,25.1,435,12991,27921,ON,2
0:35:04,2098,59.3,25.1,436,13250,28348,ON,2
0:35:05,2099,59.3,25.1,436,13126,28307,ON,2
0:35:06,2100,59.3,25.1,437,13205,28569,ON,2
0:35:07,2101,59.3,25.1,437,13272,28718,ON,2
0:35:08,2102,59.3,25.1,436,13137,28445,ON,2
0:35:09,2103,59.3,25.1,436,13171,27894,ON,2
0:35:10,2104,59.3,25.1,437,13115,27811,ON,2
0:35:11,2105,59.3,25.1,438,13070,27645,ON,2
0:35:12,2106,59.3,25.1,439,13171,27659,ON,2
0:35:13,2107,59.3,25.1,439,13160,28307,ON,2
0:35:14,2108,59.3,25.1,438,13272,29554,ON,2
0:35:15,2109,59.3,25.1,441,13430,30180,ON,2
0:35:16,2110,59.3,25.1,440,13610,31433,ON,2
0:35:17,2111,59.3,25.1,440,13903,32477,ON,2
0:35:18,2112,59.3,25.1,441,14004,32388,ON,2
0:35:19,2113,59.3,25.1,442,13948,32060,ON,2
0:35:20,2114,59.3,25.1,442,14105,32925,ON,2
0:35:21,2115,59.3,25.1,443,14060,32746,ON,2
0:35:22,2116,59.3,25.1,446,14195,34685,ON,2
0:35:23,2117,59.3,25.1,447,14375,34805,ON,2
0:35:24,2118,59.3,25.1,448,14634,35401,ON,2
0:35:25,2119,59.4,25.1,447,14533,35222,ON,2
0:35:26,2120,59.4,25.1,446,14634,35401,ON,2
0:35:27,2121,59.4,25.1,447,14657,35491,ON,2
0:35:28,2122,59.4,25.1,447,14589,33820,ON,2
0:35:29,2123,59.4,25.1,446,14297,32477,ON,2
0:35:30,2124,59.4,25.1,447,14488,33313,ON,2
0:35:31,2125,59.4,25.1,446,14420,33850,ON,2
0:35:32,2126,59.4,25.1,446,14454,34118,ON,2
0:35:33,2127,59.4,25.1,448,14511,33969,ON,2
0:35:34,2128,59.4,25.1,451,14499,33641,ON,2
0:35:35,2129,59.4,25.1,450,14713,35879,ON,2
0:35:36,2130,59.4,25.1,450,14950,36624,ON,2
0:35:37,2131,59.4,25.1,448,14995,36744,ON,2
0:35:38,2132,59.4,25.1,448,14758,35789,ON,2
0:35:39,2133,59.4,25.1,448,14724,35073,ON,2
0:35:40,2134,59.4,25.1,448,14758,34208,ON,2
0:35:41,2135,59.4,25.1,450,14691,33760,ON,2
0:35:42,2136,59.4,25.1,450,14859,33641,ON,2
0:35:43,2137,59.4,25.1,451,14758,34715,ON,2
0:35:44,2138,59.4,25.1,450,14859,35521,ON,2
0:35:45,2139,59.4,25.1,448,15085,35849,ON,2
0:35:46,2140,59.4,25.1,447,15163,35610,ON,2
0:35:47,2141,59.4,25.1,447,15096,36505,ON,2
0:35:48,2142,59.4,25.1,448,15186,35998,ON,2
0:35:49,2143,59.4,25.1,449,15208,35879,ON,2
0:35:50,2144,59.4,25.1,449,15085,35491,ON,2
0:35:51,2145,59.4,25.1,451,15096,34238,ON,2
0:35:52,2146,59.4,25.1,452,14747,33164,ON,2
0:35:53,2147,59.4,25.1,454,14758,32448,ON,2
0:35:54,2148,59.4,25.1,454,14882,33462,ON,2
0:35:55,2149,59.4,25.1,456,14893,35342,ON,2
0:35:56,2150,59.4,25.1,457,15197,36266,ON,2
0:35:57,2151,59.4,25.1,460,15580,38325,ON,2
0:35:58,2152,59.4,25.1,462,15591,39250,ON,2
0:35:59,2153,59.4,25.1,462,15861,40652,ON,2
0:36:00,2154,59.4,25.2,463,16008,41368,ON,2
0:36:01,2155,59.4,25.2,462,16019,41130,ON,2
0:36:02,2156,59.4,25.1,463,16008,40861,ON,2
0:36:03,2157,59.4,25.1,463,16098,40951,ON,2
0:36:04,2158,59.5,25.2,463,16188,40921,ON,2
0:36:05,2159,59.5,25.2,463,16030,40264,ON,2
0:36:06,2160,59.5,25.2,462,15985,39519,ON,2
0:36:07,2161,59.5,25.2,460,15996,38504,ON,2
0:36:08,2162,59.5,25.2,457,15940,38594,ON,2
0:36:09,2163,59.5,25.2,456,15805,38176,ON,2
0:36:10,2164,59.5,25.2,457,15873,37788,ON,2
0:36:11,2165,59.5,25.2,457,15681,37609,ON,2
0:36:12,2166,59.5,25.2,458,15918,37997,ON,2
0:36:13,2167,59.5,25.2,458,15827,38683,ON,2
0:36:14,2168,59.5,25.2,459,15861,38713,ON,2
0:36:15,2169,59.5,25.2,461,15873,38504,ON,2
0:36:16,2170,59.5,25.2,460,15816,37937,ON,2
0:36:17,2171,59.5,25.2,461,15805,38146,ON,2
0:36:18,2172,59.5,25.2,461,15816,38623,ON,2
0:36:19,2173,59.5,25.2,462,15850,38564,ON,2
0:36:20,2174,59.5,25.2,462,15974,39548,ON,2
0:36:21,2175,59.5,25.2,462,16120,39757,ON,2
0:36:22,2176,59.5,25.2,465,16233,39787,ON,2
0:36:23,2177,59.5,25.2,468,16672,40056,ON,2
0:36:24,2178,59.5,25.2,469,16244,40831,ON,2
0:36:25,2179,59.5,25.2,466,17056,42741,ON,2
0:36:26,2180,59.5,25.2,469,17370,42830,ON,2
0:36:27,2181,59.5,25.2,472,17335,42592,ON,2
0:36:28,2182,59.5,25.2,477,17474,42144,ON,2
0:36:29,2183,59.5,25.2,479,17509,43934,ON,2
0:36:30,2184,59.5,25.2,482,19078,46560,ON,2
0:36:31,2185,59.5,25.2,483,19356,47663,ON,2
0:36:32,2186,59.6,25.2,484,20054,49155,ON,2
0:36:33,2187,59.6,25.2,485,20472,49543,ON,2
0:36:34,2188,59.6,25.2,484,21204,49692,ON,2
0:36:35,2189,59.6,25.2,485,20995,49633,ON,2
0:36:36,2190,59.6,25.2,487,20925,49364,ON,2
0:36:37,2191,59.6,25.2,488,21134,48946,ON,2
0:36:38,2192,59.6,25.2,490,22006,50020,ON,2
0:36:39,2193,59.6,25.2,489,21343,49991,ON,2
0:36:40,2194,59.6,25.2,490,21378,49603,ON,2
0:36:41,2195,59.7,25.2,490,21518,48917,ON,2
0:36:42,2196,59.7,25.2,489,21483,48499,ON,2
0:36:43,2197,59.7,25.2,487,21204,49066,ON,2
0:36:44,2198,59.7,25.2,486,21518,49812,ON,2
0:36:45,2199,59.7,25.2,486,22145,50020,ON,2
0:36:46,2200,59.7,25.2,487,21762,49125,ON,2
0:36:47,2201,59.7,25.2,486,22354,49185,ON,2
0:36:48,2202,59.7,25.2,486,21796,48141,ON,2
0:36:49,2203,59.7,25.2,485,21518,48201,ON,2
0:36:50,2204,59.7,25.2,485,21552,47962,ON,2
0:36:51,2205,59.7,25.2,486,21378,48081,ON,2
0:36:52,2206,59.7,25.2,485,21483,47902,ON,2
0:36:53,2207,59.7,25.2,486,21413,48797,ON,2
0:36:54,2208,59.7,25.2,486,22772,49066,ON,2
0:36:55,2209,59.7,25.2,490,21552,47723,ON,2
0:36:56,2210,59.7,25.2,489,21134,47186,ON,2
0:36:57,2211,59.7,25.2,488,21587,47842,ON,2
0:36:58,2212,59.7,25.2,488,21727,48499,ON,2
0:36:59,2213,59.7,25.2,488,22180,48439,ON,2
0:37:00,2214,59.7,25.2,487,22250,48499,ON,2
0:37:01,2215,59.6,25.2,487,21831,47574,ON,2
0:37:02,2216,59.6,25.2,486,22180,47574,ON,2
0:37:03,2217,59.7,25.2,487,21831,47246,ON,2
0:37:04,2218,59.7,25.2,488,21448,47097,ON,2
0:37:05,2219,59.6,25.2,488,21378,46768,ON,2
0:37:06,2220,59.6,25.2,487,21936,47126,ON,2
0:37:07,2221,59.7,25.2,488,22250,47425,ON,2
0:37:08,2222,59.7,25.2,488,21727,47484,ON,2
0:37:09,2223,59.7,25.2,487,22250,47992,ON,2
0:37:10,2224,59.7,25.2,486,22215,48499,ON,2
0:37:11,2225,59.7,25.2,485,22110,48021,ON,2
0:37:12,2226,59.7,25.2,485,21762,47246,ON,2
0:37:13,2227,59.7,25.2,485,22459,46470,ON,2
0:37:14,2228,59.7,25.2,486,21727,45396,ON,2
0:37:15,2229,59.7,25.2,486,21587,45247,ON,2
0:37:16,2230,59.7,25.2,487,21308,45098,ON,2
0:37:17,2231,59.7,25.2,488,21169,45038,ON,2
0:37:18,2232,59.6,25.2,487,21552,45336,ON,2
0:37:19,2233,59.6,25.2,489,21552,45456,ON,2
0:37:20,2234,59.6,25.2,490,22250,46142,ON,2
0:37:21,2235,59.6,25.2,492,22180,47604,ON,2
0:37:22,2236,59.6,25.2,493,22877,49275,ON,2
0:37:23,2237,59.6,25.2,494,23330,49901,ON,2
0:37:24,2238,59.6,25.2,496,23330,50378,ON,2
0:37:25,2239,59.6,25.2,496,23400,48946,ON,2
0:37:26,2240,59.6,25.2,496,22947,47842,ON,2
0:37:27,2241,59.6,25.2,494,22633,46858,ON,2
0:37:28,2242,59.6,25.2,494,22772,46470,ON,2
0:37:29,2243,59.6,25.2,495,22319,46440,ON,2
0:37:30,2244,59.6,25.2,494,22668,47425,ON,2
0:37:31,2245,59.6,25.2,494,23016,48051,ON,2
0:37:32,2246,59.6,25.2,494,23086,48051,ON,2
0:37:33,2247,59.6,25.2,494,23400,48320,ON,2
0:37:34,2248,59.6,25.2,494,23505,48021,ON,2
0:37:35,2249,59.6,25.2,494,23714,48141,ON,2
0:37:36,2250,59.6,25.2,494,23505,47663,ON,2
0:37:37,2251,59.6,25.2,495,23748,47872,ON,2
0:37:38,2252,59.6,25.2,498,23086,47693,ON,2
0:37:39,2253,59.6,25.2,500,23923,48917,ON,2
0:37:40,2254,59.6,25.2,501,24480,51303,ON,2
0:37:41,2255,59.6,25.2,500,24899,51393,ON,2
0:37:42,2256,59.6,25.2,501,25596,51273,ON,2
0:37:43,2257,59.6,25.2,500,25282,51423,ON,2
0:37:44,2258,59.7,25.2,502,25561,52825,ON,2
0:37:45,2259,59.7,25.2,504,26119,53153,ON,2
0:37:46,2260,59.7,25.2,506,26223,53720,ON,2
0:37:47,2261,59.7,25.2,508,26432,53839,ON,2
0:37:48,2262,59.7,25.2,507,27025,54585,ON,2
0:37:49,2263,59.7,25.2,507,27339,54645,ON,2
0:37:50,2264,59.7,25.2,506,26746,52974,ON,2
0:37:51,2265,59.7,25.2,505,26328,52527,ON,2
0:37:52,2266,59.8,25.3,505,26572,51930,ON,2
0:37:53,2267,59.8,25.3,506,26467,52169,ON,2
0:37:54,2268,59.8,25.3,507,26432,52914,ON,2
0:37:55,2269,59.8,25.3,507,26711,53511,ON,2
0:37:56,2270,59.8,25.3,509,27339,54466,ON,2
0:37:57,2271,59.8,25.3,511,27304,53690,ON,2
0:37:58,2272,59.8,25.3,511,27687,53929,ON,2
0:37:59,2273,59.8,25.3,512,27757,54824,ON,2
0:38:00,2274,59.8,25.3,512,27757,54824,ON,2
0:38:01,2275,59.8,25.3,512,28245,55510,ON,2
0:38:02,2276,59.8,25.3,515,28140,55033,ON,2
0:38:03,2277,59.8,25.3,516,27583,55480,ON,2
0:38:04,2278,59.8,25.3,517,28628,55570,ON,2
0:38:05,2279,59.9,25.3,518,29116,57181,ON,2
0:38:06,2280,59.9,25.3,516,29500,57330,ON,2
0:38:07,2281,59.9,25.3,516,29639,57330,ON,2
0:38:08,2282,59.9,25.3,518,29709,57151,ON,2
0:38:09,2283,59.9,25.3,527,29605,57241,ON,2
0:38:10,2284,59.9,25.3,530,29918,57330,ON,2
0:38:11,2285,59.9,25.3,531,30615,57330,ON,2
0:38:12,2286,59.9,25.3,531,32463,57330,ON,2
0:38:13,2287,59.9,25.3,530,32114,57330,ON,2
0:38:14,2288,59.9,25.3,528,32811,57330,ON,2
0:38:15,2289,60,25.3,524,32428,57330,ON,2
0:38:16,2290,60,25.3,525,31766,57330,ON,2
0:38:17,2291,60,25.3,524,31835,57330,ON,2
0:38:18,2292,60,25.3,524,31347,57330,ON,2
0:38:19,2293,60,25.3,523,30859,57300,ON,2
0:38:20,2294,60,25.3,523,30023,56495,ON,2
0:38:21,2295,60,25.3,529,30371,56644,ON,2
0:38:22,2296,60,25.3,534,30929,57330,ON,2
0:38:23,2297,60,25.3,534,33787,57330,ON,2
0:38:24,2298,60,25.3,536,34519,57330,ON,2
0:38:25,2299,60,25.3,542,34659,57330,ON,2
